Players,Span,Matches,Innings,Not outs,Runs,High Score,Average,Balls faced,Strike rate,100s,50s,0s,4s,6s
RG Sharma (IND),2007-2024,159,151,19,4231,121*,32.05,3003,140.89,5,32,12,383,205
V Kohli (IND),2010-2024,125,117,31,4188,122*,48.69,3056,137.04,1,38,7,369,124
Babar Azam (PAK),2016-2024,123,116,15,4145,122,41.03,3211,129.08,3,36,6,440,72
PR Stirling (IRE),2009-2024,145,144,11,3601,115*,27.07,2675,134.61,1,23,13,418,128
MJ Guptill (NZ),2009-2022,122,118,7,3531,105,31.81,2602,135.7,2,20,3,309,173
Mohammad Rizwan (PAK),2015-2024,102,89,21,3313,104*,48.72,2620,126.45,1,29,4,278,92
DA Warner (AUS),2009-2024,110,110,12,3277,100*,33.43,2300,142.47,1,28,6,337,122
JC Buttler (ENG),2011-2024,124,114,23,3264,101*,35.86,2231,146.3,1,24,7,300,137
AJ Finch (AUS),2011-2022,103,103,12,3120,172,34.28,2189,142.53,2,19,8,309,125
GJ Maxwell (AUS),2012-2024,113,104,17,2600,145*,29.88,1680,154.76,5,11,4,217,134
Q de Kock (SA),2012-2024,92,91,9,2584,100,31.51,1868,138.32,1,16,7,264,103
KS Williamson (NZ),2011-2024,93,90,13,2575,95,33.44,2092,123.08,0,18,4,245,58
Shakib Al Hasan (BAN),2006-2024,129,127,17,2551,84,23.19,2105,121.18,0,13,9,258,53
Mohammad Hafeez (PAK),2006-2021,119,108,13,2514,99*,26.46,2060,122.03,0,14,7,251,76
EJG Morgan (ENG),2009-2022,115,107,21,2458,91,28.58,1805,136.17,0,14,3,186,120
DA Miller (SA/World),2010-2024,125,109,36,2437,106*,33.38,1734,140.54,2,7,2,160,117
Shoaib Malik (ICC/PAK),2006-2021,124,111,33,2435,75,31.21,1938,125.64,0,9,2,196,69
SA Yadav (IND),2021-2024,70,67,11,2424,117,43.28,1433,169.15,4,20,3,219,136
Mahmudullah (BAN),2007-2024,138,127,26,2394,64*,23.7,2032,117.81,0,8,5,183,74
A Balbirnie (IRE),2015-2024,110,106,4,2392,83,23.45,1941,123.23,0,12,6,254,68
Virandeep Singh (MAS),2019-2024,78,77,14,2320,116*,36.82,1842,125.95,1,16,5,197,101
KL Rahul (IND),2016-2022,72,68,8,2265,110*,37.75,1628,139.12,2,22,5,191,99
RD Berrington (SCOT),2008-2024,94,85,17,2194,100,32.26,1658,132.32,1,10,10,185,75
Mohammad Nabi (AFG),2010-2024,129,121,24,2165,89,22.31,1590,136.16,0,6,8,148,108
BB McCullum (NZ),2005-2015,71,70,10,2140,123,35.66,1571,136.21,2,13,3,199,91
S Ssesazi (UGA),2021-2024,82,80,10,2081,100*,29.72,1689,123.2,1,16,8,225,67
N Pooran (WI),2016-2024,95,87,9,2076,98,26.61,1528,135.86,0,12,2,142,132
AD Hales (ENG),2011-2022,75,75,8,2074,116*,30.95,1499,138.35,1,12,5,225,70
Mohammad Shahzad (AFG),2010-2023,73,73,3,2048,118*,29.25,1550,132.12,1,12,4,229,76
Sikandar Raza (ZIM),2013-2024,91,87,5,2037,87,24.84,1528,133.31,0,14,7,153,96
HG Munsey (SCOT),2015-2024,71,69,5,2006,132,31.34,1399,143.38,2,11,5,229,86
Muhammad Waseem (UAE),2021-2024,53,53,3,1977,112,39.54,1278,154.69,3,14,4,160,123
KJ O'Brien (IRE),2008-2021,110,103,10,1973,124,21.21,1507,130.92,1,5,12,165,82
Syed Aziz (MAS),2019-2024,80,78,13,1962,126,30.18,1377,142.48,1,15,6,188,93
Litton Das (BAN),2015-2024,89,87,3,1943,83,23.13,1557,124.79,0,11,5,198,57
RR Hendricks (SA),2014-2024,68,67,2,1942,87,29.87,1504,129.12,0,15,4,218,45
JP Duminy (SA),2007-2019,81,75,25,1934,96*,38.68,1532,126.24,0,11,6,138,71
LRPL Taylor (NZ),2006-2020,102,94,21,1909,63,26.15,1560,122.37,0,7,6,121,71
CH Gayle (WI),2006-2021,79,75,7,1899,117,27.92,1381,137.5,2,14,4,158,124
DJ Malan (ENG),2017-2023,62,60,8,1892,103*,36.38,1428,132.49,1,16,2,194,62
TM Dilshan (SL),2006-2016,80,79,12,1889,104*,28.19,1567,120.54,1,13,10,223,33
GD Phillips (NZ),2017-2024,78,69,12,1875,108,32.89,1319,142.15,2,10,3,135,90
MP O'Dowd (NED),2015-2024,70,68,5,1853,133*,29.41,1539,120.4,1,13,0,186,46
Fakhar Zaman (PAK),2017-2024,92,84,3,1848,91,22.81,1390,132.94,0,11,6,172,76
Najibullah Zadran (AFG),2012-2024,107,95,33,1830,73,29.51,1328,137.8,0,8,6,126,97
S Dhawan (IND),2011-2021,68,66,3,1759,92,27.92,1392,126.36,0,11,2,191,50
Tamim Iqbal (BAN/ICC/World),2007-2020,78,78,5,1758,103*,24.08,1503,116.96,1,7,6,188,45
MDKJ Perera (SL),2013-2024,68,67,2,1750,84,26.92,1334,131.18,0,14,3,164,57
CO Obuya (KENYA),2007-2024,75,70,12,1742,96*,30.03,1460,119.31,0,9,6,127,84
C Munro (NZ),2012-2020,65,62,7,1724,109*,31.34,1102,156.44,3,11,5,132,107
SC Williams (ZIM),2006-2024,81,80,8,1691,66,23.48,1338,126.38,0,11,6,161,42
Umar Akmal (PAK),2009-2019,84,79,14,1690,94,26,1377,122.73,0,8,10,122,55
BKG Mendis (SL),2016-2024,69,69,2,1684,86,25.13,1250,134.72,0,14,5,145,75
Nizakat Khan (HKG),2014-2024,88,85,2,1679,81,20.22,1384,121.31,0,8,8,152,47
Babar Hayat (HKG),2014-2024,68,67,10,1676,122,29.4,1248,134.29,2,10,7,101,105
AB de Villiers (SA),2006-2017,78,75,11,1672,79*,26.12,1237,135.16,0,10,5,140,60
JM Bairstow (ENG),2011-2024,80,72,16,1671,90,29.83,1215,137.53,0,10,6,148,76
H Masakadza (ZIM),2006-2019,66,66,2,1662,93*,25.96,1418,117.2,0,11,1,151,65
DS Airee (NEP),2018-2024,67,59,14,1658,110*,36.84,1156,143.42,1,9,0,128,69
Rahmanullah Gurbaz (AFG),2019-2024,63,63,0,1657,100,26.3,1223,135.48,1,10,7,125,95
TP Ura (PNG),2015-2024,60,59,8,1634,107*,32.03,1068,152.99,1,14,4,123,95
MS Dhoni (IND),2006-2019,98,85,42,1617,56,37.6,1282,126.13,0,2,1,116,52
MN Samuels (WI),2007-2018,67,65,10,1611,89*,29.29,1386,116.23,0,10,0,144,69
SK Raina (IND),2006-2018,78,66,11,1605,101,29.18,1190,134.87,1,5,3,145,58
KA Pollard (WI),2008-2022,101,83,21,1569,75*,25.3,1161,135.14,0,6,3,94,99
MR Marsh (AUS),2011-2024,61,59,11,1557,92*,32.43,1165,133.64,0,9,2,131,71
MS Chapman (HKG/NZ),2014-2024,76,68,14,1548,104*,28.66,1167,132.64,1,8,3,133,57
F du Plessis (SA/World),2012-2020,50,50,7,1528,119,35.53,1137,134.38,1,10,0,140,50
R Sandaruwan (KUW),2019-2024,54,54,2,1527,103,29.36,1046,145.98,1,9,6,132,88
LMP Simmons (WI),2007-2021,68,67,10,1527,91*,26.78,1264,120.8,0,9,6,140,68
HH Pandya (IND),2016-2024,102,79,22,1523,71*,26.71,1078,141.28,0,4,3,111,79
JJ Roy (ENG),2014-2022,64,64,1,1522,78,24.15,1106,137.61,0,8,7,153,69
Mushfiqur Rahim (BAN),2006-2022,102,93,16,1500,72*,19.48,1304,115.03,0,6,8,126,37
Muhammad Tanveer (QAT),2019-2024,50,46,13,1499,88*,45.42,1086,138.02,0,12,1,108,88
KJ Coetzer (SCOT),2008-2021,70,68,2,1495,89,22.65,1254,119.21,0,6,4,158,48
DPMD Jayawardene (SL),2006-2014,55,55,8,1493,100,31.76,1121,133.18,1,9,4,173,33
Ahmed Faiz (MAS),2019-2024,73,62,6,1490,105*,26.6,1195,124.68,1,6,4,118,56
Ahmed Shehzad (PAK),2009-2019,59,59,2,1471,111*,25.8,1282,114.74,1,7,2,157,33
E Lewis (WI),2016-2022,53,52,3,1465,125*,29.89,964,151.97,2,10,4,108,111
SR Watson (AUS),2006-2016,58,56,6,1462,124*,29.24,1006,145.32,1,10,3,115,83
MD Shanaka (SL),2015-2024,102,94,20,1456,74*,19.67,1189,122.45,0,5,13,107,72
CR Ervine (ZIM),2010-2024,71,70,4,1449,70,21.95,1370,105.76,0,9,5,143,30
MG Erasmus (NAM),2019-2024,61,59,15,1441,100*,32.75,1182,121.91,1,10,2,111,53
II Selemani (TAN),2021-2024,63,62,4,1426,81,24.58,963,148.07,0,7,6,158,78
AD Mathews (SL),2009-2024,90,73,22,1416,81*,27.76,1175,120.51,0,6,1,92,50
Shahid Afridi (ICC/PAK),2006-2018,99,91,12,1416,54*,17.92,944,150,0,4,8,103,73
R Powell (WI),2017-2024,78,67,11,1414,107,25.25,977,144.72,1,6,2,81,95
DP Conway (NZ),2020-2024,50,46,9,1408,99*,38.05,1102,127.76,0,10,1,135,37
Soumya Sarkar (BAN),2015-2024,85,84,4,1408,68,17.6,1147,122.75,0,5,13,142,52
BA King (WI),2019-2024,55,53,5,1395,85*,29.06,1038,134.39,0,10,4,149,60
P Nissanka (SL),2021-2024,53,52,3,1392,79,28.4,1167,119.28,0,11,5,140,32
Asghar Afghan (AFG),2010-2021,75,68,5,1382,62,21.93,1247,110.82,0,4,5,87,69
KC Sangakkara (SL),2006-2014,56,53,9,1382,78,31.4,1156,119.55,0,8,2,139,20
RR Patel (KENYA),2008-2024,76,64,15,1367,73*,27.89,1007,135.74,0,7,3,99,80
HT Tector (IRE),2019-2024,79,73,13,1356,64*,22.6,1138,119.15,0,5,5,106,33
Zeeshan Maqsood (OMA),2015-2024,69,58,9,1322,102*,26.97,1098,120.4,1,5,4,135,46
LJ Tucker (IRE),2016-2024,74,70,8,1317,94*,21.24,1068,123.31,0,9,7,128,29
J Charles (WI),2011-2024,57,56,0,1302,118,23.25,992,131.25,1,5,7,140,60
DJ Mitchell (NZ),2019-2024,67,63,13,1296,72*,25.92,939,138.01,0,7,2,91,48
TL Seifert (NZ),2018-2024,61,58,7,1291,88,25.31,958,134.75,0,9,5,111,58
JW Jenner (JER),2019-2024,50,50,9,1288,96*,31.41,932,138.19,0,7,4,104,51
HM Amla (SA/World),2009-2018,44,44,6,1277,97*,33.6,967,132.05,0,8,2,146,26
A Vala (PNG),2015-2024,63,60,9,1274,93*,24.98,1093,116.55,0,8,1,116,38
GC Wilson (IRE),2008-2020,81,68,8,1268,65*,21.13,1212,104.62,0,3,4,108,20
Riazat Ali Shah (UGA),2019-2024,61,53,14,1261,98*,32.33,1044,120.78,0,4,3,86,56
DJ Bravo (WI),2006-2021,91,74,17,1255,66*,22.01,1091,115.03,0,4,5,73,55
O Tuyisenge (RWN),2021-2024,77,74,4,1244,100*,17.77,1186,104.89,1,3,11,128,30
AK Markram (SA),2019-2024,48,44,7,1241,70,33.54,864,143.63,0,9,2,112,49
BN Cooper (NED),2013-2021,58,55,11,1239,91*,28.15,993,124.77,0,9,7,118,38
CS MacLeod (SCOT),2009-2022,64,61,9,1238,74,23.8,1115,111.03,0,7,8,107,23
MM Ali (ENG),2014-2024,92,75,17,1229,72*,21.18,863,142.41,0,7,9,88,68
IA Karim (KENYA),2013-2023,58,51,16,1227,71*,35.05,1213,101.15,0,8,2,108,15
Aqib Ilyas (OMA),2015-2024,52,51,7,1218,90,27.68,972,125.3,0,9,4,115,42
MH Cross (SCOT),2013-2024,74,62,10,1216,66*,23.38,1045,116.36,0,5,5,114,32
RR Pant (IND),2017-2024,76,66,14,1209,65*,23.25,950,127.26,0,3,4,111,44
VP Thamotharam (MLT),2020-2024,55,53,8,1209,104*,26.86,825,146.54,1,7,2,86,73
NLTC Perera (ICC/SL/World),2010-2021,84,74,22,1204,61,23.15,794,151.63,0,3,8,88,64
MS Wade (AUS),2011-2024,92,68,22,1202,80,26.13,896,134.15,0,3,1,95,46
R Satheesan (ROM),2019-2023,38,36,5,1197,99*,38.61,770,155.45,0,9,2,121,61
RG Mukasa (UGA),2019-2024,58,56,5,1186,89,23.25,982,120.77,0,5,8,133,36
AR Patwa (TAN),2021-2023,47,47,4,1178,79,27.39,961,122.58,0,6,3,140,37
Yuvraj Singh (IND),2007-2017,58,51,9,1177,77*,28.02,863,136.38,0,8,1,77,74
KP Pietersen (ENG),2005-2013,37,36,5,1176,79,37.93,831,141.51,0,7,1,119,32
RP Burl (ZIM),2018-2024,77,70,25,1175,57*,26.11,1005,116.91,0,2,2,76,49
Meet Bhavsar (KUW),2019-2024,48,46,5,1171,89,28.56,875,133.82,0,9,4,100,39
HE van der Dussen (SA),2018-2024,46,42,8,1169,94*,34.38,899,130.03,0,8,1,70,55
S Davizi (CZK-R),2019-2023,31,31,3,1149,115*,41.03,827,138.93,3,6,1,124,40
RK Paudel (NEP),2019-2024,52,50,9,1144,61,27.9,932,122.74,0,6,1,95,34
FH Allen (NZ),2021-2024,47,47,0,1141,137,24.27,719,158.69,2,4,4,99,78
Hazratullah Zazai (AFG),2016-2024,44,44,3,1140,162*,27.8,859,132.71,1,3,3,108,65
W Madhevere (ZIM),2020-2024,65,62,7,1137,73*,20.67,970,117.21,0,7,6,129,15
GH Dockrell (IRE),2010-2024,139,91,34,1129,58*,19.8,868,130.06,0,2,8,81,42
TH David (AUS/SGP),2019-2024,46,41,10,1123,92*,36.22,690,162.75,0,6,3,95,60
Afif Hossain (BAN),2018-2023,69,63,9,1109,77*,20.53,927,119.63,0,3,6,81,38
MP Stoinis (AUS),2015-2024,66,54,18,1109,78,30.8,751,147.66,0,4,2,91,54
K Bhurtel (NEP),2021-2024,46,45,4,1105,104*,26.95,865,127.74,1,8,5,113,47
Ibrahim Zadran (AFG),2019-2024,44,44,6,1105,72*,29.07,1030,107.28,0,8,1,97,24
SS Iyer (IND),2017-2023,51,47,11,1104,74*,30.66,811,136.12,0,8,4,90,44
Jatinder Singh (OMA),2015-2024,52,52,7,1098,73*,24.4,952,115.33,0,5,3,111,21
SPD Smith (AUS),2010-2024,67,55,11,1094,90,24.86,872,125.45,0,5,1,96,26
K Kadowaki-Fleming (JPN),2022-2024,27,27,2,1089,114,43.56,694,156.91,2,6,0,79,67
Taranjeet Singh (ROM),2021-2024,32,32,2,1087,110,36.23,649,167.48,1,7,1,134,52
Aasif Sheikh (NEP),2021-2024,47,47,2,1086,64*,24.13,933,116.39,0,5,3,108,35
WTS Porterfield (IRE),2008-2018,61,59,6,1079,72,20.35,971,111.12,0,3,5,120,23
Sami Sohail (MWI),2019-2024,36,32,15,1077,94*,63.35,856,125.81,0,7,3,87,28
GJ Delany (IRE),2019-2024,75,66,14,1076,89*,20.69,802,134.16,0,3,3,85,49
KIC Asalanka (SL),2021-2024,49,49,5,1075,80*,24.43,851,126.32,0,5,5,69,53
LD Chandimal (SL),2010-2022,68,61,7,1062,66*,19.66,1025,103.6,0,6,0,90,22
BA Pai (GIBR),2019-2024,37,37,7,1054,107*,35.13,915,115.19,1,6,2,95,17
V Aravind (UAE),2020-2024,48,43,5,1052,97*,27.68,936,112.39,0,6,4,105,23
Anshuman Rath (HKG),2015-2024,46,45,5,1046,72*,26.15,942,111.04,0,4,1,110,13
Zubaidi Zulkifle (MAS),2019-2024,52,51,2,1045,96,21.32,702,148.86,0,3,7,106,51
AD Russell (WI),2011-2024,82,71,24,1033,71,21.97,631,163.7,0,3,9,63,85
L Bruce (GIBR),2021-2024,40,39,4,1032,99*,29.48,902,114.41,0,12,4,105,15
CJA Amini (PNG),2015-2024,59,51,9,1028,91*,24.47,891,115.37,0,5,6,75,30
E Dusingizimana (RWN),2021-2023,58,57,3,1018,66*,18.85,950,107.15,0,4,5,103,35
Sarfaraz Ali (BHR),2019-2024,47,47,3,1015,69*,23.06,694,146.25,0,6,4,88,75
Samiullah Shinwari (AFG),2010-2022,65,56,10,1013,61,22.02,858,118.06,0,2,2,76,37
Faisal Khan (KSA),2019-2024,38,38,5,1012,83*,30.66,607,166.72,0,6,4,119,50
Rohan Mustafa (UAE),2014-2023,58,53,5,1006,77,20.95,827,121.64,0,4,7,108,27
Iftikhar Ahmed (PAK),2016-2024,66,55,14,998,62*,24.34,773,129.1,0,4,2,66,44
K Motlhanka (BOT),2019-2023,39,38,4,990,84,29.11,890,111.23,0,7,2,113,19
Razmal Shigiwal (Aut),2019-2023,39,35,5,990,95*,33,725,136.55,0,6,2,81,39
Kamran Akmal (PAK),2006-2017,58,53,6,987,73,21,825,119.63,0,5,7,100,31
CL White (AUS),2007-2014,47,44,14,984,85*,32.8,740,132.97,0,5,3,71,44
GC Smith (SA),2005-2011,33,33,2,982,89*,31.67,770,127.53,0,5,1,123,26
ADS Fletcher (WI),2008-2024,57,54,7,980,84*,20.85,873,112.25,0,6,7,67,53
Sabbir Rahman (BAN),2014-2022,48,47,5,977,80,23.26,819,119.29,0,4,3,92,29
RN Patel (KENYA),2019-2024,51,49,10,973,75,24.94,797,122.08,0,3,6,102,22
Shaiman Anwar (UAE),2014-2019,32,32,3,971,117*,33.48,770,126.1,1,6,1,75,43
S Chandramohan (SGP),2019-2024,41,41,2,968,100,24.82,799,121.15,1,5,4,94,43
S Bau (PNG),2016-2024,56,48,7,958,65*,23.36,876,109.36,0,4,6,74,31
Abdul Waheed (KSA),2020-2024,37,34,5,956,99,32.96,753,126.95,0,5,1,108,24
JDS Neesham (NZ),2012-2024,79,63,21,944,48*,22.47,611,154.5,0,0,6,72,51
AP Rajeevan (TAN),2022-2023,45,42,7,943,70,26.94,829,113.75,0,6,0,90,16
NS Dhaliwal (CAN),2019-2024,33,32,5,941,69*,34.85,724,129.97,0,7,1,74,42
BRM Taylor (ZIM),2006-2021,45,45,6,934,75*,23.94,790,118.22,0,6,5,93,24
G Gambhir (IND),2007-2012,37,36,2,932,75,27.41,783,119.02,0,7,2,109,10
SJ Myburgh (NED),2012-2022,45,44,2,915,71*,21.78,799,114.51,0,5,8,100,28
H Klaasen (SA),2018-2024,52,47,9,912,81,24,639,142.72,0,5,1,68,46
TM Head (AUS),2016-2024,33,32,4,911,91,32.53,607,150.08,0,3,1,88,42
Najmul Hossain Shanto (BAN),2019-2024,46,44,5,908,71,23.28,843,107.71,0,4,0,83,17
SO Hetmyer (WI),2018-2023,57,48,4,902,81*,20.5,763,118.21,0,5,3,59,46
Gulbadin Naib (AFG),2012-2024,73,62,17,897,57,19.93,732,122.54,0,3,7,67,44
E Chigumbura (ZIM),2006-2020,57,56,9,893,54*,19,635,140.62,0,3,6,61,53
JE Root (ENG),2012-2019,32,30,5,893,90*,35.72,707,126.3,0,5,2,92,16
Muhammad Usman (UAE),2016-2022,47,43,6,891,89*,24.08,778,114.52,0,3,3,73,27
DM Nakrani (UGA),2019-2024,60,50,17,891,77*,27,697,127.83,0,3,3,59,56
Haider Butt (BHR),2021-2024,50,46,11,890,62,25.42,762,116.79,0,2,2,56,38
PD Salt (ENG),2022-2024,31,29,4,885,119,35.4,536,165.11,2,3,2,83,45
G Malla (NEP),2014-2022,45,39,1,883,107,23.23,734,120.29,1,2,1,76,36
N Davin (NAM),2019-2024,34,34,2,881,89,27.53,634,138.95,0,5,1,95,32
Aizaz Khan (HKG),2014-2024,77,67,15,877,48*,16.86,784,111.86,0,0,6,62,26
N Nipiko (VAN),2019-2024,33,33,6,877,100,32.48,744,117.87,1,5,1,67,36
TC Barker (LUX),2019-2024,40,40,1,874,78,22.41,724,120.71,0,4,5,90,19
Saber Zakhil (Belg),2019-2024,43,39,8,873,100*,28.16,539,161.96,1,2,3,46,71
NA Greenwood (JER),2019-2024,31,31,3,865,86*,30.89,599,144.4,0,4,2,91,25
Sohail Ahmed (BHR),2022-2024,28,27,10,857,80*,50.41,722,118.69,0,7,1,59,33
F Damiao Couana (MOZ),2019-2023,33,32,3,851,104,29.34,686,124.05,1,4,1,85,32
C Campher (IRE),2021-2024,56,49,8,849,72*,20.7,675,125.77,0,3,4,68,27
JJ Smit (NAM),2019-2024,51,44,20,848,71,35.33,585,144.95,0,3,1,51,51
DM de Silva (SL),2015-2024,45,44,4,847,66*,21.17,731,115.86,0,3,2,71,18
KS Leverock (BER),2019-2023,29,29,4,842,103,33.68,566,148.76,1,4,4,70,48
Kamran Khan (QAT),2019-2024,36,34,1,841,88,25.48,618,136.08,0,5,1,75,49
HL Carlyon (JER),2019-2024,39,38,1,839,110,22.67,689,121.77,1,3,3,92,25
KH Prajapati (OMA),2021-2024,44,43,5,828,74*,21.78,764,108.37,0,6,4,80,26
H Lakov (BUL),2019-2022,35,34,8,825,80,31.73,784,105.22,0,6,0,67,6
Sarfaraz Ahmed (PAK),2010-2021,61,42,12,818,89*,27.26,653,125.26,0,3,2,79,15
Chirag Suri (UAE),2018-2022,31,31,3,817,88,29.17,708,115.39,0,7,2,84,18
B Arora (MLT),2019-2024,52,48,8,816,66*,20.4,897,90.96,0,3,2,74,20
SR Taylor (USA),2019-2024,30,27,3,816,101*,34,603,135.32,1,4,2,89,35
Mohammad Naim (BAN),2019-2022,35,35,1,815,81,23.97,788,103.42,0,4,2,76,17
Shaheryar Butt (Belg),2019-2024,38,36,8,815,125*,29.1,585,139.31,1,2,2,57,54
Faheem Nazir (SUI),2022-2024,18,18,3,813,113,54.2,537,151.39,2,6,1,89,27
W Barresi (NED),2012-2024,46,44,7,812,75*,21.94,706,115.01,0,4,4,71,21
Zeeshan Khan (MLT),2020-2024,38,37,1,811,115,22.52,661,122.69,1,3,3,94,21
SA Edwards (NED),2018-2024,64,56,15,808,42*,19.7,676,119.52,0,0,2,73,15
Kushal Malla (NEP),2019-2024,42,38,9,808,137*,27.86,513,157.5,1,4,3,44,61
RB Patel (UGA),2021-2024,42,39,8,805,68*,25.96,779,103.33,0,4,3,96,8
CG Williams (NAM),2019-2022,35,33,4,805,81,27.75,713,112.9,0,6,3,69,23
V Saini (ROM),2020-2024,40,36,10,804,91*,30.92,624,128.84,0,4,3,61,25
A Johnson (CAN),2022-2024,19,19,2,802,121*,47.17,501,160.07,2,6,1,78,52
P Khadka (NEP),2014-2020,33,32,3,799,106*,27.55,624,128.04,1,4,3,82,26
K Nassoro (TAN),2021-2024,60,53,11,797,60,18.97,819,97.31,0,2,3,73,12
AA Obanda (KENYA),2007-2023,51,47,4,797,103*,18.53,670,118.95,1,1,6,100,25
Ishan Kishan (IND),2021-2023,32,32,1,796,89,25.67,640,124.37,0,6,1,79,36
IA De Silva (BUL),2020-2022,35,34,2,795,100*,24.84,690,115.21,1,4,3,72,37
D Ndikubwimana (RWN),2021-2024,64,58,5,790,69,14.9,1017,77.67,0,4,3,66,11
V Vijh (LUX),2019-2024,42,42,6,789,64*,21.91,750,105.2,0,2,3,56,25
Misbah-ul-Haq (PAK),2007-2012,39,34,13,788,87*,37.52,715,110.2,0,3,2,45,26
Usman Ghani (AFG),2015-2023,35,34,3,786,73,25.35,733,107.23,0,4,0,76,21
G Mckeon (Fran),2022-2024,20,20,1,785,109,41.31,534,147,2,4,1,66,41
S Muniandy (MAS),2019-2024,75,62,18,776,60*,17.63,637,121.82,0,1,5,58,27
DMW Rawlins (BER),2019-2023,28,27,5,776,91,35.27,515,150.67,0,6,1,58,50
L Siaka (PNG),2015-2024,62,55,5,773,55,15.46,681,113.5,0,1,8,59,23
RR Rossouw (SA),2014-2023,29,27,5,767,109,34.86,480,159.79,2,3,5,69,39
KR Mayers (WI),2020-2024,38,37,2,762,73,21.77,551,138.29,0,3,1,68,51
LJ Wright (ENG),2007-2014,51,45,5,759,99*,18.97,554,137,0,4,9,68,31
DJ Hussey (AUS),2008-2012,39,36,3,756,88*,22.9,623,121.34,0,3,4,41,34
HAM Shah (DEN),2019-2024,28,27,1,754,99,29,669,112.7,0,6,2,67,18
Imran Anwar (BHR),2019-2024,55,41,5,748,87,20.77,560,133.57,0,4,5,47,53
S Wickramasekara (CZK-R),2019-2023,34,33,6,748,104*,27.7,499,149.89,1,6,3,55,46
Manpreet Singh (SGP),2019-2023,34,33,3,744,71,24.8,593,125.46,0,3,2,45,26
MD Gunathilaka (SL),2016-2022,46,45,0,741,57,16.46,615,120.48,0,3,4,78,21
K Waiswa (UGA),2020-2024,72,56,10,729,66*,15.84,683,106.73,0,1,6,70,19
LA Dunbar (SRB),2019-2024,27,26,6,726,117,36.3,532,136.46,2,3,3,58,49
Usman Patel (KUW),2020-2024,41,39,7,725,75*,22.65,590,122.88,0,5,4,72,24
MEK Hussey (AUS),2005-2012,38,30,11,721,60*,37.94,529,136.29,0,4,1,58,25
Muhammad Muneeb (Belg),2020-2024,32,32,2,717,73,23.9,607,118.12,0,4,5,70,26
SJ Baard (NAM),2019-2022,28,28,3,714,92,28.56,632,112.97,0,5,1,61,18
MR Adair (IRE),2019-2024,86,61,13,713,72,14.85,566,125.97,0,1,5,51,33
YBK Jaiswal (IND),2023-2024,22,21,2,713,100,37.52,431,165.42,1,5,2,80,38
MWR Stokes (GUE),2019-2024,33,30,7,712,63*,30.95,621,114.65,0,2,1,56,18
RS Bopara (ENG),2008-2014,38,35,10,711,65*,28.44,599,118.69,0,3,0,54,17
J Mees (LUX),2019-2024,40,39,7,709,85,22.15,600,118.16,0,3,4,67,22
MK Pandey (IND),2015-2020,39,33,17,709,79*,44.31,562,126.15,0,3,2,49,19
HC Brook (ENG),2022-2024,39,32,9,707,81*,30.73,484,146.07,0,3,0,57,30
R Bakum (GHA),2019-2024,42,41,4,706,71,19.08,609,115.92,0,4,4,48,33
KD Shah (HKG),2014-2023,49,45,8,706,79,19.08,660,106.96,0,3,7,55,17
CK Kapugedera (SL),2006-2017,43,38,7,703,50,22.67,591,118.95,0,1,0,58,25
R Nehonde (BOT),2019-2023,39,36,5,701,63,22.61,732,95.76,0,2,2,56,12
MA Leask (SCOT),2013-2024,64,51,7,699,58,15.88,533,131.14,0,1,4,49,35
CJ Anderson (NZ/USA),2012-2024,42,34,6,697,94*,24.89,553,126.03,0,3,3,40,35
BFW de Leede (NED),2018-2024,38,35,10,697,91*,27.88,671,103.87,0,4,4,52,18
Naseem Khushi (OMA),2017-2024,51,39,3,696,69,19.33,442,157.46,0,3,4,46,50
N Vanua (PNG),2015-2024,58,47,10,696,71,18.81,510,136.47,0,3,9,32,47
JP Kotze (NAM),2019-2024,40,36,4,695,101*,21.71,599,116.02,1,1,4,62,34
S Adedeji (NGA),2019-2024,43,40,6,692,68,20.35,801,86.39,0,3,3,56,16
LS Livingstone (ENG),2017-2024,48,37,8,691,103,23.82,464,148.92,1,1,2,35,45
KD Karthik (ICC/IND),2006-2022,60,48,22,686,55,26.38,481,142.61,0,1,3,71,28
RW Chakabva (ZIM),2008-2022,49,49,2,682,48,14.51,557,122.44,0,0,11,59,27
SI Runsewe (NGA),2019-2024,40,39,6,681,80,20.63,628,108.43,0,4,2,68,7
Basil Hameed (UAE),2020-2024,57,48,13,680,51,19.42,567,119.92,0,2,2,34,34
Shadab Khan (PAK),2017-2024,104,52,14,679,52,17.86,486,139.71,0,1,6,44,34
L Yamamoto-Lake (JPN),2022-2024,29,29,3,679,134*,26.11,460,147.6,1,4,4,68,31
JN Frylinck (NAM),2019-2024,61,42,12,678,57*,22.6,636,106.6,0,1,2,45,15
PBB Rajapaksa (SL),2019-2023,37,33,5,678,77,24.21,507,133.72,0,3,3,57,30
MJ Santner (NZ),2015-2024,104,70,29,675,77*,16.46,552,122.28,0,1,5,51,23
PW Hasaranga (SL),2019-2024,70,60,13,672,71,14.29,511,131.5,0,2,8,66,16
T Bavuma (SA),2019-2023,36,35,4,670,72,21.61,567,118.16,0,1,6,62,16
KC D'Souza (BUL),2020-2022,36,33,9,669,92*,27.87,432,154.86,0,2,3,43,44
O Manishimwe (RWN),2022-2024,56,48,6,668,79*,15.9,723,92.39,0,4,7,61,9
CJ Chibhabha (ZIM),2006-2020,36,35,0,667,67,19.05,609,109.52,0,5,4,78,13
JH Kallis (SA),2005-2012,25,23,4,666,73,35.05,558,119.35,0,5,0,56,20
TLW Cooper (NED),2012-2022,33,32,4,659,81*,23.53,509,129.46,0,3,3,62,22
SKS Gill (LUX),2022-2024,29,29,2,657,64,24.33,650,101.07,0,2,4,57,12
Luqman Butt (CAM),2023-2024,22,22,4,656,80*,36.44,473,138.68,0,3,1,62,32
A Ashokan (CZK-R),2019-2023,31,30,6,655,55*,27.29,580,112.93,0,3,0,31,26
I Liyanage (QAT),2020-2024,32,29,4,655,60,26.2,574,114.11,0,3,3,73,16
C Rubagumya (RWN),2021-2024,66,58,10,654,40,13.62,755,86.62,0,0,8,40,10
W Niyitanga (RWN),2021-2023,54,53,4,646,55*,13.18,769,84,0,2,7,40,20
DJM Short (AUS),2018-2020,23,23,2,642,76,30.57,540,118.88,0,4,1,71,15
PW Borren (NED),2008-2017,43,38,5,638,57,19.33,524,121.75,0,1,2,60,18
J Butler (GUE),2019-2024,30,28,2,638,87,24.53,616,103.57,0,3,1,56,14
Karim Janat (AFG),2016-2024,66,47,8,637,56*,16.33,547,116.45,0,3,4,44,28
D Ramdin (WI),2006-2019,71,50,16,636,55*,18.7,551,115.42,0,1,3,51,19
RD Gaikwad (IND),2021-2024,23,20,4,633,123*,39.56,441,143.53,1,4,1,65,24
ST Jayasuriya (SL),2006-2011,31,30,3,629,88,23.29,487,129.15,0,4,4,76,23
SSM Stanislaus (MLT),2020-2024,40,35,4,627,62,20.22,607,103.29,0,1,1,43,23
Khawar Ali (OMA),2015-2022,41,35,3,626,72*,19.56,635,98.58,0,2,2,67,15
S Ravichandran (JPN),2022-2024,26,25,3,624,86*,28.36,442,141.17,0,4,1,62,18
D Wiese (NAM/SA),2013-2024,54,40,14,624,66*,24,488,127.86,0,3,3,35,30
MR Swart (NED),2012-2016,26,25,2,621,89,27,537,115.64,0,4,1,53,16
H Singh (GER),2019-2024,36,32,6,619,70,23.8,487,127.1,0,3,1,60,14
NR Kumar (CAN/USA),2012-2024,28,25,4,617,83,29.38,482,128,0,4,1,45,22
SD Hope (WI),2017-2024,31,29,3,616,82*,23.69,463,133.04,0,3,3,50,30
MN Waller (ZIM),2011-2018,32,31,8,613,68,26.65,443,138.37,0,1,2,42,28
J Bulele (MOZ),2019-2022,27,27,2,612,62*,24.48,654,93.57,0,4,2,79,2
Umar Adam (MDV),2019-2024,38,37,1,610,56,16.94,478,127.61,0,4,4,51,30
Towhid Hridoy (BAN),2023-2024,29,26,4,607,58,27.59,464,130.81,0,2,1,41,26
Yasir Ali (ESP),2019-2024,29,28,6,605,80*,27.5,593,102.02,0,3,3,40,23
NG Collins (FIN),2019-2023,24,24,1,604,79,26.26,612,98.69,0,4,0,52,8
O Harvey (GHA),2021-2024,37,34,4,604,107*,20.13,593,101.85,1,1,3,47,16
Ayaan Khan (OMA),2021-2024,39,35,5,598,53*,19.93,543,110.12,0,1,1,38,18
Basil George (MLT),2021-2024,29,29,1,597,93*,21.32,481,124.11,0,3,1,42,31
Noor Ali Zadran (AFG),2010-2023,23,23,1,597,63,27.13,586,101.87,0,4,1,55,9
Salman Butt (PAK),2007-2010,24,23,2,595,74,28.33,551,107.98,0,3,1,66,10
KJ Stagno (GIBR),2022-2024,23,22,1,593,101,28.23,338,175.44,1,3,2,35,51
PM Seelaar (NED),2008-2021,77,46,12,591,96*,17.38,532,111.09,0,1,1,43,12
Ravinderpal Singh (CAN),2019-2024,30,25,3,589,101,26.77,402,146.51,1,1,2,43,31
DJG Sammy (WI/World),2007-2017,68,52,18,587,42*,17.26,398,147.48,0,0,3,45,31
TS Bharaj (DEN),2019-2024,28,27,2,586,63*,23.44,504,116.26,0,5,1,46,13
BA Stokes (ENG),2011-2022,43,36,9,585,52*,21.66,457,128,0,1,1,42,22
PD Collingwood (ENG/World),2005-2017,36,33,2,583,79,18.8,459,127.01,0,3,3,37,24
AR Ramjani (UGA),2022-2024,43,31,5,582,78,22.38,455,127.91,0,2,3,42,24
DR Smith (WI),2006-2015,33,32,0,582,72,18.18,474,122.78,0,3,1,62,31
MNM Aslam (KUW),2019-2024,50,32,5,578,55,21.4,516,112.01,0,3,3,52,14
Saim Hussain (BUL),2022-2023,18,17,2,578,108*,38.53,394,146.7,1,4,1,51,26
SB Styris (NZ),2005-2010,31,29,2,578,66,21.4,483,119.66,0,1,0,40,25
Asif Ali (PAK),2018-2023,58,51,13,577,41*,15.18,431,133.87,0,0,4,27,37
V Ganesan (GER),2019-2024,47,40,9,577,61*,18.61,546,105.67,0,2,1,60,1
VB Chikkannaiah (GER),2019-2023,27,27,2,575,81*,23,571,100.7,0,4,1,47,14
J Rasu (VAN),2019-2024,33,32,4,574,74,20.5,529,108.5,0,2,3,40,21
B Ward (JER),2019-2024,40,32,9,573,58*,24.91,437,131.12,0,1,1,33,31
JA Morkel (SA),2005-2015,50,38,11,572,43,21.18,402,142.28,0,0,1,29,39
A Sharafu (UAE),2020-2024,27,24,6,566,90*,31.44,427,132.55,0,3,1,54,23
Janak Prakash (SGP),2019-2023,40,38,10,563,56,20.1,451,124.83,0,1,2,34,24
AM Tribe (JER),2021-2024,25,23,2,560,73*,26.66,448,125,0,4,1,53,18
SA Ahmad (DEN),2019-2023,29,25,4,556,66,26.47,512,108.59,0,3,0,52,11
Imad Wasim (PAK),2015-2024,75,50,15,554,64*,15.82,426,130.04,0,1,6,55,12
MJ Lumb (ENG),2010-2014,27,27,1,552,63,21.23,413,133.65,0,3,1,64,21
SO Ngoche (KENYA),2010-2024,93,58,19,550,41*,14.1,496,110.88,0,0,7,44,18
P Mishra (BUL),2019-2024,46,42,3,547,55,14.02,431,126.91,0,3,4,36,43
Aaron Jones (USA),2019-2024,32,30,9,546,94*,26,489,111.65,0,2,1,31,27
S Singh (KENYA),2021-2024,42,34,7,545,54*,20.18,508,107.28,0,1,2,64,3
Asif Khan (UAE),2023-2024,24,24,5,544,74*,28.63,392,138.77,0,3,2,34,34
HS Gericke (MLT),2020-2022,21,20,0,541,91,27.05,330,163.93,0,4,0,46,22
Shubman Gill (IND),2023-2024,20,20,2,539,126*,29.94,378,142.59,1,3,1,57,22
Karim Sadiq (AFG),2010-2018,36,36,0,538,72,14.94,493,109.12,0,1,4,61,10
NM Odhiambo (KENYA),2010-2024,64,41,7,538,67,15.82,514,104.66,0,2,6,43,13
Yasim Murtaza (HKG),2022-2024,36,32,3,535,58,18.44,441,121.31,0,2,1,45,21
V Balakrishnan (BOT),2019-2023,29,27,4,534,100,23.21,521,102.49,1,2,0,44,18
RN ten Doeschate (NED),2008-2021,24,23,10,533,59,41,401,132.91,0,3,2,27,19
Iqbal Hossain (Aut),2021-2023,25,21,0,532,71,25.33,328,162.19,0,3,3,49,38
Talha Khan (GER),2019-2023,28,28,5,532,69*,23.13,514,103.5,0,3,4,43,12
D Kansonkho (MWI),2019-2024,36,32,3,528,54,18.2,597,88.44,0,1,3,55,4
PR Surve (INA),2022-2024,20,19,4,527,71*,35.13,450,117.11,0,3,0,44,16
C Kieswetter (ENG),2010-2012,25,25,1,526,63,21.91,470,111.91,0,3,2,47,23
Mohammed Rizlan (QAT),2019-2022,33,27,8,526,72*,27.68,450,116.88,0,3,2,30,31
Raza Iqbal (NOR),2019-2024,31,31,3,524,64*,18.71,445,117.75,0,4,4,65,10
Imran Ali Butt (BHR),2019-2024,25,23,1,522,62,23.72,526,99.23,0,4,4,42,17
Zeeshan Kukikhel (HUN),2021-2023,15,15,0,522,137,34.8,316,165.18,1,3,0,61,27
J Barker (LUX),2019-2024,36,31,9,519,48,23.59,530,97.92,0,0,2,41,3
F Behardien (SA),2012-2018,38,30,14,518,64*,32.37,404,128.21,0,1,1,37,16
M van Lingen (NAM),2021-2024,30,27,0,518,67,19.18,447,115.88,0,2,2,61,14
FA Cossa (MOZ),2019-2023,32,27,9,516,68,28.66,418,123.44,0,3,4,48,27
TWM Latham (NZ),2012-2023,26,23,3,516,65*,25.8,474,108.86,0,3,1,42,8
T Manders (BER),2021-2023,17,17,2,516,84,34.4,413,124.93,0,4,0,48,21
RA Jadeja (IND),2009-2024,74,41,17,515,46*,21.45,405,127.16,0,0,3,39,14
MJ Richardson (GER),2019-2023,25,24,7,511,61*,30.05,492,103.86,0,2,0,47,5
V Sibanda (ZIM),2007-2016,26,26,1,511,59,20.44,503,101.59,0,1,3,52,11
Aritra Dutta (SGP),2019-2024,21,21,0,509,122,24.23,367,138.69,1,2,1,49,27
LM Jongwe (ZIM),2015-2024,65,48,15,509,35,15.42,419,121.47,0,0,4,45,15
SKA Awiah (GHA),2021-2023,35,29,2,507,96*,18.77,535,94.76,0,2,4,48,10
MD Patel (USA),2019-2024,27,24,2,507,68,23.04,391,129.66,0,3,1,59,15
C de Grandhomme (NZ),2012-2021,41,39,7,505,59,15.78,365,138.35,0,3,6,27,30
Haider Ali (PAK),2020-2023,35,32,3,505,68,17.41,405,124.69,0,3,3,43,22
Mohamed Rishwan (MDV),2019-2023,30,29,1,505,67,18.03,521,96.92,0,3,2,43,22
Nawroz Mangal (AFG),2010-2017,32,32,4,505,65*,18.03,453,111.47,0,2,4,42,19
A Mansale (VAN),2019-2024,28,27,4,502,61*,21.82,437,114.87,0,3,5,28,19
Azyan Farhath (MDV),2019-2024,26,26,3,501,66*,21.78,625,80.16,0,1,0,43,5
Imran Nazir (PAK),2007-2012,25,24,1,500,72,21.73,370,135.13,0,3,2,59,22
Adnan Idrees (KUW),2019-2024,28,28,0,499,80,17.82,351,142.16,0,3,5,58,23
MO Kitunda (TAN),2021-2024,50,41,2,499,46,12.79,542,92.06,0,0,4,40,16
S Periyalwar (ROM),2019-2024,34,29,10,497,105*,26.15,458,108.51,1,2,3,49,10
JK Vifah (GHA),2019-2024,31,31,3,496,63*,17.71,448,110.71,0,3,1,44,12
TP Visee (NED),2015-2021,31,31,0,496,78,16,339,146.31,0,3,5,68,17
M Coetzee (HKG),2023-2024,20,20,0,494,102,24.7,356,138.76,1,3,2,67,12
Shafiqullah (AFG),2010-2019,46,42,12,494,51*,16.46,340,145.29,0,1,5,35,31
M Simpson-Parker (Aut),2019-2024,37,30,2,494,65*,17.64,488,101.22,0,3,4,42,10
Aarif Sheikh (NEP),2018-2024,38,30,6,493,39*,20.54,452,109.07,0,0,2,47,10
Dylan Steyn (CZK-R),2022-2023,16,16,0,493,106,30.81,372,132.52,1,2,0,58,8
JO Holder (WI),2014-2024,63,44,14,491,38,16.36,380,129.21,0,0,7,30,27
RE van der Merwe (NED/SA),2009-2024,57,38,16,490,75*,22.27,381,128.6,0,2,7,38,14
Mohammad Nadeem (OMA),2015-2024,53,36,9,489,77*,18.11,437,111.89,0,1,1,31,16
Ahmer Bin (BHR),2022-2024,31,26,7,488,55*,25.68,415,117.59,0,2,0,42,8
MJ Clarke (AUS),2005-2010,34,28,5,488,67,21.21,473,103.17,0,1,2,29,10
G Burrows (IOM),2020-2024,21,20,5,484,69*,32.26,432,112.03,0,4,2,39,10
A Dizija (SRB),2022-2024,23,22,0,484,92,22,442,109.5,0,4,2,44,17
M Akayezu (RWN),2021-2024,74,61,7,482,51,8.92,453,106.4,0,1,8,32,25
Saqlain Arshad (QAT),2019-2024,20,19,1,481,76,26.72,362,132.87,0,3,2,60,15
N Dickwella (SL),2016-2021,28,27,1,480,68,18.46,366,131.14,0,1,2,61,9
IO Okpe (NGA),2019-2024,48,39,4,480,53,13.71,473,101.47,0,1,2,17,16
SW Billings (ENG/ICC),2015-2022,37,33,5,478,87,17.07,368,129.89,0,2,1,41,16
K Irakoze (RWN),2021-2024,75,56,9,478,60,10.17,450,106.22,0,1,13,33,20
Bilal Zalmai (Aut),2019-2024,14,13,3,477,111*,47.7,271,176.01,1,2,0,46,29
Mohammad Nawaz (3) (PAK),2016-2024,60,38,12,477,45*,18.34,355,134.36,0,0,4,38,24
IDA Damarell (GUE),2020-2024,22,22,3,474,52,24.94,411,115.32,0,2,1,50,10
JDP Oram (NZ),2005-2012,36,30,7,474,66*,20.6,339,139.82,0,2,3,38,22
GJ Bailey (AUS/World),2012-2017,30,26,7,473,63,24.89,346,136.7,0,2,1,37,20
JP Inglis (AUS),2022-2024,21,21,3,470,110,26.11,309,152.1,1,0,1,46,18
E Sebareme (RWN),2021-2024,65,54,14,468,34,11.7,493,94.92,0,0,5,33,11
S Thakor (TAN),2021-2024,53,42,9,468,44,14.18,325,144,0,0,6,44,25
Azhar Andani (PORT),2021-2024,15,15,1,467,100,33.35,395,118.22,1,2,0,48,7
NJ O'Brien (IRE),2008-2016,30,28,2,466,50,17.92,475,98.1,0,1,0,40,7
CN Ackermann (NED),2019-2022,22,22,4,465,62,25.83,402,115.67,0,1,2,34,11
Najjam Shahzad (PORT),2019-2024,27,24,6,464,53*,25.77,338,137.27,0,1,3,31,31
JEC Franklin (NZ),2006-2013,38,31,8,463,60,20.13,391,118.41,0,2,2,28,23
AR Patel (IND),2015-2024,62,37,14,463,65,20.13,321,144.23,0,1,2,32,23
R Pathan (CAN),2021-2022,11,11,2,463,107*,51.44,287,161.32,1,3,1,48,21
JM Vince (ENG),2015-2022,17,17,0,463,59,27.23,361,128.25,0,2,0,47,14
PK Matautaava (VAN),2019-2024,28,28,2,462,103,17.76,363,127.27,1,1,6,31,26
M Campopiano (ITA),2022-2024,19,17,5,461,87*,38.41,372,123.92,0,3,1,38,14
ND Laegsgaard (DEN),2019-2024,25,24,3,461,91,21.95,319,144.51,0,2,4,43,24
Rashid Khan (AFG/ICC),2015-2024,93,56,23,460,48*,13.93,359,128.13,0,0,7,31,28
JD Ryder (NZ),2008-2014,22,21,1,457,62,22.85,358,127.65,0,3,2,47,18
B Niaz (Belg),2021-2024,26,22,3,452,72*,23.78,368,122.82,0,2,4,28,28
Saud Islam (UGA),2021-2021,20,19,2,452,75,26.58,426,106.1,0,3,4,43,9
Mohammad Ashraful (BAN),2007-2013,23,23,0,450,65,19.56,356,126.4,0,2,2,48,11
TW Nightingale (GUE),2020-2024,25,23,2,449,73,21.38,379,118.46,0,2,1,32,16
Rameez Shahzad (UAE),2016-2019,22,21,3,449,54,24.94,404,111.13,0,1,2,37,13
Muhammad Amir (MAS),2019-2024,42,32,2,447,80,14.9,422,105.92,0,2,4,40,13
Anamul Haque (BAN),2012-2022,20,20,2,445,58,24.72,395,112.65,0,1,1,46,14
Nurul Hasan (BAN),2016-2022,46,41,14,445,42*,16.48,376,118.35,0,0,4,27,16
SA Jumbe (TAN),2021-2024,56,42,11,444,76*,14.32,414,107.24,0,1,5,33,20
IDM Latin (GIBR),2022-2024,23,23,2,444,89,21.14,371,119.67,0,2,2,31,20
SV Samson (IND),2015-2024,29,25,3,444,77,20.18,334,132.93,0,2,3,34,19
Mirza Ahsan (Aut),2019-2023,30,27,6,443,70*,21.09,271,163.46,0,4,1,31,25
E Niyomugabo (RWN),2021-2023,48,45,3,442,61,10.52,444,99.54,0,2,6,26,15
Younis Khan (PAK),2006-2010,25,23,3,442,51,22.1,364,121.42,0,2,2,31,12
CJ Jordan (ENG),2014-2024,95,57,25,439,36,13.71,340,129.11,0,0,3,31,21
B Masaba (UGA),2019-2024,63,39,13,439,37*,16.88,429,102.33,0,0,3,44,8
D Doyle-Calle (ESP),2022-2024,21,20,3,438,50,25.76,349,125.5,0,1,0,37,19
SR Bhudia (KENYA),2019-2024,38,28,4,437,50*,18.2,377,115.91,0,1,2,40,10
ZE Green (NAM),2019-2024,59,40,8,436,42*,13.62,428,101.86,0,0,4,37,8
S Dube (IND),2019-2024,32,23,9,435,63*,31.07,318,136.79,0,3,1,27,24
Karan KC (NEP),2015-2024,70,39,12,434,45,16.07,287,151.21,0,0,2,20,36
Umer Toor (BHR),2022-2024,27,27,1,433,72,16.65,374,115.77,0,2,4,31,27
Hisham Shaikh (KSA),2021-2024,34,25,7,430,47*,23.88,451,95.34,0,0,1,26,3
Faisal Mubashir (GER),2021-2024,23,20,7,428,57*,32.92,421,101.66,0,1,2,33,6
Bilal Tahir (KUW),2019-2024,36,32,9,422,40*,18.34,325,129.84,0,0,4,30,25
S Nadigotla (ROM),2019-2024,35,28,1,422,55,15.62,372,113.44,0,1,1,36,13
G Kansonkho (MWI),2019-2024,34,26,4,421,52,19.13,516,81.58,0,1,1,41,1
OJ Hairs (SCOT),2019-2024,25,25,3,420,127*,19.09,243,172.83,1,1,5,38,30
N Mugabe (KENYA),2023-2024,21,20,4,420,71,26.25,360,116.66,0,3,3,36,15
AP Yadav (THAI),2023-2024,17,17,5,420,79*,35,333,126.12,0,2,1,51,8
PL Mommsen (SCOT),2012-2016,24,19,7,419,68*,34.91,329,127.35,0,2,1,32,11
Usman Khan (Fran),2021-2024,22,20,4,419,63*,26.18,352,119.03,0,3,2,43,9
S Ivetic (SRB),2022-2024,14,14,4,417,65*,41.7,423,98.58,0,3,0,30,13
RK Singh (IND),2023-2024,22,16,10,417,69*,69.5,238,175.21,0,2,1,33,26
AC Douglas (BER),2019-2023,21,19,1,416,74,23.11,293,141.97,0,2,1,39,26
Kuldeep (PORT),2022-2023,14,14,1,416,80,32,257,161.86,0,3,0,39,25
T Marumani (ZIM),2021-2024,31,31,1,413,50,13.76,393,105.08,0,1,4,37,14
GA Priandana (INA),2022-2024,25,24,2,413,65*,18.77,409,100.97,0,2,2,39,17
Zeeshan Ali (HKG),2022-2024,33,25,8,409,55*,24.05,322,127.01,0,1,2,37,12
Aziz Mohammad (Belg),2019-2024,19,19,1,408,72,22.66,290,140.68,0,3,2,37,27
M Taylor (Bhm),2021-2023,15,15,0,408,67,27.2,363,112.39,0,3,1,36,22
MW Machan (SCOT),2013-2016,13,13,3,407,67*,40.7,318,127.98,0,3,0,37,7
WU Tharanga (SL),2006-2018,26,26,1,407,47,16.28,330,123.33,0,0,3,42,12
Sharjeel Khan (PAK),2013-2021,21,18,0,406,59,22.55,305,133.11,0,2,0,53,15
B Bhandari (NEP),2014-2024,40,31,7,405,58*,16.87,353,114.73,0,2,1,32,16
DM Bravo (WI),2010-2022,26,22,3,405,43*,21.31,379,106.86,0,0,3,32,14
EC Joyce (ENG/IRE),2006-2014,18,15,3,405,78*,33.75,431,93.96,0,1,0,30,5
J Bangura (SLE),2021-2023,33,29,2,404,46,14.96,565,71.5,0,0,5,29,3
L Lamin (SLE),2021-2023,32,29,7,404,38,18.36,444,90.99,0,0,4,24,18
T Stubbs (SA),2022-2024,26,21,5,404,72,25.25,317,127.44,0,1,3,30,18
BJ Haddin (AUS),2006-2014,34,29,6,402,47,17.47,351,114.52,0,0,2,30,13
RT Ponting (AUS),2005-2009,17,16,2,401,98*,28.64,302,132.78,0,2,2,41,11
HH Gibbs (SA),2005-2010,23,23,1,400,90*,18.18,318,125.78,0,3,4,45,12
Azmatullah Omarzai (AFG),2022-2024,44,34,4,399,33,13.3,355,112.39,0,0,4,27,15
M Levitt (NED),2024-2024,13,12,0,399,135,33.25,268,148.88,1,2,1,38,22
Adil Butt (SWZ),2022-2024,15,15,0,397,64,26.46,290,136.89,0,3,1,48,10
Aqib Iqbal (Aut),2019-2024,43,28,8,396,60,19.8,350,113.14,0,2,2,32,11
A McAuley (IOM),2020-2024,23,22,1,395,50,18.8,433,91.22,0,1,2,32,2
Shan Masood (PAK),2022-2022,19,17,4,395,65*,30.38,324,121.91,0,3,2,30,7
A Ferguson (Arg),2019-2023,19,16,4,394,86*,32.83,409,96.33,0,3,1,42,4
Hussain Talat (PAK),2018-2021,18,18,2,394,63,24.62,333,118.31,0,2,1,37,5
DK Mathias (BHR),2022-2022,16,16,4,394,61,32.83,365,107.94,0,2,0,25,21
V Sehwag (IND),2006-2012,19,18,0,394,68,21.88,271,145.38,0,2,1,43,16
Abdul Razzaq (PAK),2006-2013,32,29,10,393,46*,20.68,337,116.61,0,0,2,21,21
R Rohan (SGP),2019-2024,29,28,0,391,49,13.96,399,97.99,0,0,4,43,10
IK Gamantika (INA),2022-2024,31,28,5,390,37*,16.95,416,93.75,0,0,1,26,10
T Jamtsho (BHU),2019-2024,17,17,2,390,66*,26,329,118.54,0,3,1,31,21
Mosaddek Hossain (BAN),2016-2022,33,31,10,389,48*,18.52,341,114.07,0,0,4,26,11
Rizwan Cheema (CAN),2008-2019,24,24,2,389,72,17.68,314,123.88,0,2,5,33,28
JJ Atkinson (HKG),2014-2024,23,21,3,388,68*,21.55,332,116.86,0,3,5,41,12
S Jora (NEP),2019-2024,31,25,5,388,56,19.4,328,118.29,0,3,1,23,15
Manan Ali (KSA),2023-2024,24,22,4,388,52*,21.55,269,144.23,0,1,2,25,25
Omar Rassol (BUL),2021-2022,20,19,4,387,99*,25.8,272,142.27,0,3,2,30,25
Junaid Aziz (BHR),2020-2024,37,26,7,386,52,20.31,333,115.91,0,1,1,35,17
Sheraz Sheikh (Belg),2021-2024,30,26,5,385,48,18.33,364,105.76,0,0,3,25,21
A Shreshta (NGA),2021-2023,22,21,2,385,76,20.26,393,97.96,0,1,1,36,5
M Shumba (ZIM),2020-2022,30,27,8,385,66*,20.26,356,108.14,0,1,0,23,13
AA Onikoyi (NGA),2019-2023,29,27,3,383,52*,15.95,433,88.45,0,1,5,28,12
Gulsan Jha (NEP),2022-2024,32,25,7,382,54,21.22,285,134.03,0,1,1,22,24
AGS Gous (USA),2024-2024,12,12,1,380,80*,34.54,251,151.39,0,4,1,38,19
Tamoor Sajjad (QAT),2019-2020,16,15,4,380,68,34.54,280,135.71,0,1,1,31,15
R Mutumbami (ZIM),2015-2022,29,26,4,379,54,17.22,323,117.33,0,1,2,24,18
NMS Param (SGP),2019-2023,20,18,4,378,72*,27,323,117.02,0,2,1,32,10
L Canessane (Fran),2021-2024,26,25,4,377,89*,17.95,311,121.22,0,2,0,32,12
Mashrafe Mortaza (BAN),2006-2017,54,39,11,377,36,13.46,277,136.1,0,0,6,28,23
Shiraz Khan (KUW),2019-2024,44,31,13,376,50*,20.88,374,100.53,0,1,2,17,18
I Takahashi (JPN),2022-2024,31,27,5,376,39*,17.09,300,125.33,0,0,4,32,14
AK Mohan (FIN),2019-2023,25,25,0,375,61,15,423,88.65,0,1,3,24,15
AM Rahane (IND),2011-2016,20,20,2,375,61,20.83,331,113.29,0,1,2,32,6
RR Sharan (CAM),2023-2024,22,22,2,374,86*,18.7,411,90.99,0,2,5,29,20
Aman Desai (SGP),2022-2024,25,24,0,370,64,15.41,305,121.31,0,2,3,28,14
WAE Burton (SRB),2021-2024,24,23,2,370,83,17.61,260,142.3,0,1,5,44,19
Nasir Hossain (BAN),2011-2016,31,24,4,370,50*,18.5,326,113.49,0,2,2,30,7
DJ Hooda (IND),2022-2023,21,17,5,368,104,30.66,250,147.2,1,0,2,29,18
Sahir Naqash (GER),2019-2023,38,27,11,368,51*,23,277,132.85,0,1,6,28,12
BBJL Perera (ITA),2019-2022,18,16,3,367,67,28.23,328,111.89,0,1,0,36,11
Aamir Kaleem (OMA),2015-2022,33,25,4,366,46*,17.42,340,107.64,0,0,5,30,10
P Baron (Arg),2019-2023,19,17,2,366,66*,24.4,347,105.47,0,2,0,40,9
AE Paraam (SGP),2019-2024,14,13,4,366,100*,40.66,272,134.55,1,2,1,37,10
R Shepherd (WI),2020-2024,40,24,11,366,44*,28.15,252,145.23,0,0,2,13,30
NR Kirton (CAN),2019-2024,17,17,4,365,51,28.07,297,122.89,0,1,0,20,14
Awais Ahmed (ESP),2019-2023,28,20,3,364,102*,21.41,310,117.41,1,0,3,31,15
JJ Huo (MOZ),2019-2023,32,31,8,364,28*,15.82,356,102.24,0,0,4,37,8
PJ Moor (ZIM),2016-2019,21,19,4,364,92*,24.26,286,127.27,0,1,0,22,24
H Thaker (CAN),2019-2024,27,19,5,364,47,26,266,136.84,0,0,0,24,16
B McMullen (SCOT),2023-2024,13,12,2,363,96,36.3,238,152.52,0,4,0,29,19
Nasir Jamshed (PAK),2012-2013,18,18,1,363,56,21.35,320,113.43,0,2,1,34,12
R Tari (VAN),2019-2024,33,30,7,363,56,15.78,344,105.52,0,1,4,15,11
DA Blignaut (GER),2021-2023,29,25,5,362,47*,18.1,393,92.11,0,0,1,18,15
Hamza Khan (RWN),2023-2024,26,25,4,362,59,17.23,365,99.17,0,1,3,27,11
G Stewart (ITA),2021-2023,14,13,0,360,76,27.69,221,162.89,0,3,3,30,27
MA Baig (MWI),2019-2023,31,23,6,359,74,21.11,359,100,0,1,3,36,4
K Doriga (PNG),2019-2024,42,33,5,359,46*,12.82,370,97.02,0,0,2,24,10
L Ronchi (AUS/ICC/NZ),2008-2018,33,26,6,359,51*,17.95,256,140.23,0,1,5,30,14
Shahil Momin (Aut),2021-2023,24,21,4,358,61,21.05,359,99.72,0,1,1,23,2
Haroon Arshad (HKG),2019-2024,36,26,9,355,68,20.88,275,129.09,0,1,2,28,9
MC Henriques (AUS),2009-2021,24,21,4,355,62*,20.88,285,124.56,0,2,0,17,15
JN Loftie-Eaton (NAM),2021-2024,37,25,4,355,101,16.9,280,126.78,1,0,3,28,17
Ali Masood (EST),2021-2024,18,18,1,352,69*,20.7,348,101.14,0,2,1,33,8
Anjar Tadarus (INA),2022-2024,30,28,4,351,40*,14.62,375,93.6,0,0,5,35,10
DC Smith (PHI),2019-2023,23,22,2,350,68,17.5,354,98.87,0,1,3,26,10
I Danladi (NGA),2019-2024,23,20,2,348,46*,19.33,329,105.77,0,0,1,31,10
AJ Mosca (ITA),2022-2024,13,12,3,347,78,38.55,293,118.43,0,2,1,30,6
OA Shah (ENG),2007-2009,17,15,1,347,55*,24.78,284,122.18,0,1,0,26,13
Sher Sahak (NOR),2021-2024,26,22,6,346,70*,21.62,238,145.37,0,1,1,24,22
SO Tikolo (KENYA),2007-2013,15,15,3,345,56*,28.75,281,122.77,0,2,3,46,6
D Ajekun (NGA),2019-2024,29,29,2,344,36,12.74,459,74.94,0,0,3,29,2
US Hathinjar (CAM),2023-2024,22,22,1,344,74*,16.38,310,110.96,0,2,5,34,15
Khushdil Shah (PAK),2019-2023,27,25,7,344,36*,19.11,315,109.2,0,0,0,24,15
T Sandeep (SWZ),2022-2024,15,15,3,344,68,28.66,312,110.25,0,2,0,43,3
S Chanderpaul (WI),2006-2010,22,22,5,343,41,20.17,347,98.84,0,0,0,34,5
H Hiri (PNG),2016-2024,28,22,4,343,53*,19.05,309,111,0,1,0,25,13
BR McDermott (AUS),2018-2023,25,23,4,342,54,18,343,99.7,0,2,3,17,13
WIA Fernando (SL),2019-2024,35,33,2,341,37,11,367,92.91,0,0,5,27,7
Arjun Vinod (SUI),2021-2024,22,21,5,341,67,21.31,306,111.43,0,1,2,32,7
Walid Ghauri (NOR),2019-2024,14,13,1,341,59,28.41,317,107.57,0,1,0,33,7
Ahmed Hassan (MDV),2019-2022,21,20,1,338,53,17.78,370,91.35,0,1,1,30,4
DG Blampied (JER),2019-2024,42,30,12,338,43*,18.77,338,100,0,0,2,22,1
PS Athavale (OMA),2023-2024,18,15,1,337,54,24.07,263,128.13,0,2,1,35,10
H Gori (CZK-R),2019-2020,11,11,0,337,66,30.63,255,132.15,0,1,1,36,17
HA Jackson (Fran),2021-2024,23,22,1,337,50,16.04,369,91.32,0,1,1,26,4
A Symonds (AUS),2005-2009,14,11,4,337,85*,48.14,199,169.34,0,2,2,33,10
NT Tilak Varma (IND),2023-2024,16,15,5,336,55*,33.6,241,139.41,0,2,2,29,16
Mohammad Ihsan (ESP),2022-2024,12,12,5,335,102*,47.85,202,165.84,1,0,0,34,18
SE Rutherford (WI),2018-2024,19,16,4,333,68*,27.75,220,151.36,0,2,2,19,24
Amir Zaib (PORT),2021-2024,23,20,3,332,45*,19.52,253,131.22,0,0,3,31,10
Amoluk Singh (GHA),2021-2022,15,14,2,332,80*,27.66,280,118.57,0,2,1,49,7
Faisal Javed (QAT),2019-2019,15,15,0,330,61,22,212,155.66,0,2,1,45,11
D Suzuki (JPN),2022-2024,31,27,9,329,45*,18.27,291,113.05,0,0,2,32,5
RA Sealy (CAY),2022-2023,13,13,1,328,73*,27.33,218,150.45,0,2,0,20,22
SR Thompson (IRE),2014-2019,41,30,8,328,56,14.9,254,129.13,0,1,1,23,14
KD Abeyrathna (NOR),2021-2024,19,18,3,327,46*,21.8,354,92.37,0,0,1,26,6
T Banton (ENG),2019-2022,14,14,0,327,73,23.35,221,147.96,0,2,0,29,17
RJ Nicol (NZ),2010-2013,21,19,0,327,58,17.21,296,110.47,0,2,2,33,11
BDH Stevens (JER),2019-2022,20,20,1,327,44,17.21,335,97.61,0,0,1,30,6
S Vesawkar (NEP),2014-2022,20,19,5,325,40,23.21,328,99.08,0,0,0,26,7
Hamza Tariq (CAN),2013-2022,26,20,9,324,63*,29.45,201,161.19,0,3,2,27,14
D Muhumuza (UGA),2019-2022,32,22,8,324,59*,23.14,307,105.53,0,2,1,26,12
Shahid Wasif (HKG),2016-2023,24,22,6,324,50,20.25,307,105.53,0,1,1,23,10
LE Bosman (SA),2006-2010,14,14,1,323,94,24.84,219,147.48,0,3,2,27,20
R Lutaaya (UGA),2022-2024,20,18,0,323,70,17.94,255,126.66,0,1,2,35,8
Maaz Khan (LES),2021-2024,18,17,1,323,68*,20.18,216,149.53,0,2,5,30,16
CP Rizwan (UAE),2019-2023,18,16,3,323,51*,24.84,295,109.49,0,1,0,25,6
Sompal Kami (NEP),2014-2024,68,41,12,323,40,11.13,284,113.73,0,0,5,25,14
PV Vuniwaqa (Fiji),2022-2023,10,10,1,323,72*,35.88,207,156.03,0,2,0,29,21
Mahedi Hasan (BAN),2018-2024,50,34,9,322,30*,12.88,312,103.2,0,0,6,24,10
C Brennan (JER),2021-2024,23,21,6,319,67*,21.26,249,128.11,0,2,2,22,18
C Madande (ZIM),2022-2024,30,23,5,318,44*,17.66,303,104.95,0,0,2,28,6
Bakhtiar Tahiri (BUL),2020-2022,14,11,1,317,66,31.7,271,116.97,0,1,0,31,15
C Chatphaisan (THAI),2022-2024,27,25,3,317,70*,14.4,324,97.83,0,1,6,28,5
Zaheer Ibrahim (QAT),2019-2021,24,22,5,317,50,18.64,280,113.21,0,1,3,35,8
BM Duckett (ENG),2019-2023,12,12,2,315,70*,31.5,217,145.16,0,1,0,40,2
Sahil Chauhan (EST),2023-2024,8,8,3,315,144*,63,125,252,1,1,1,15,34
Abhijeet Ahuja (HUN),2021-2023,19,18,1,314,75,18.47,328,95.73,0,2,3,25,7
NJ Ferraby (JER),2019-2021,18,18,1,314,81*,18.47,284,110.56,0,1,3,39,2
Osama Mahmood (SUI),2021-2024,15,14,2,314,58*,26.16,274,114.59,0,2,2,31,7
PA Raikes (GIBR),2021-2024,15,15,2,314,74*,24.15,295,106.44,0,2,0,25,8
Ehsan Khan (HKG),2016-2024,67,39,18,313,42*,14.9,305,102.62,0,0,6,16,13
Tanzid Hasan (BAN),2024-2024,14,14,2,313,67*,26.08,266,117.66,0,3,3,34,10
Pargat Singh (CAN),2022-2024,19,18,1,312,82,18.35,301,103.65,0,2,4,30,6
Faheem Ashraf (PAK),2017-2023,48,33,8,311,31,12.44,241,129.04,0,0,4,19,18
Khizer Ahmed (NOR),2019-2024,17,16,3,311,57*,23.92,272,114.33,0,1,1,33,7
AV Lazarus (THAI),2024-2024,13,12,3,311,95,34.55,246,126.42,0,3,0,25,15
Muhammad Kashif (KUW),2019-2022,21,18,4,311,53,22.21,294,105.78,0,2,1,20,15
CR Brathwaite (WI),2011-2019,41,27,6,310,37*,14.76,274,113.13,0,0,3,13,22
S Samarawickrama (SL),2017-2024,19,18,2,310,61*,19.37,282,109.92,0,2,2,32,2
JA Fitzgerald (GIBR),2019-2024,34,29,13,309,28*,19.31,235,131.48,0,0,4,13,17
A Kheterpal (HUN),2021-2023,18,18,7,309,42,28.09,258,119.76,0,0,2,34,7
Saim Ayub (PAK),2023-2024,23,21,0,309,49,14.71,253,122.13,0,0,3,34,15
ML Hayden (AUS),2005-2007,9,9,3,308,73*,51.33,214,143.92,0,4,0,37,13
D Heyliger (CAN),2019-2024,39,25,17,308,30,38.5,179,172.06,0,0,2,21,21
Mehran Khan (OMA),2015-2024,41,32,5,308,29,11.4,268,114.92,0,0,4,21,13
LB Ferbrache (GUE),2019-2024,29,23,5,307,55,17.05,337,91.09,0,1,2,13,4
GP Meade (ITA),2019-2024,32,25,7,307,59*,17.05,300,102.33,0,1,3,21,8
T Tshose (BOT),2019-2023,26,21,6,307,60,20.46,209,146.88,0,1,2,20,13
Waqas Barkat (HKG),2014-2020,30,25,3,307,37,13.95,333,92.19,0,0,3,25,0
RL Chase (WI),2021-2024,19,13,4,304,67*,33.77,240,126.66,0,2,2,27,9
TS Kamunhukamwe (ZIM),2020-2024,15,15,0,304,44,20.26,288,105.55,0,0,2,29,10
TG Southee (NZ),2008-2024,126,50,23,303,39,11.22,218,138.99,0,0,6,20,18
S Veerapathiran (BHR),2020-2024,43,34,11,302,33*,13.13,244,123.77,0,0,5,20,17
KC Ramamoorthy (INA),2022-2024,17,16,0,301,55,18.81,263,114.44,0,2,2,28,11
Lakshit Gupta (CAM),2023-2024,21,21,2,300,55,15.78,336,89.28,0,1,1,23,8
XM Marshall (USA/WI),2008-2021,20,18,1,300,47*,17.64,290,103.44,0,0,2,26,9
Muhamad Syahadat (MAS),2019-2024,28,22,11,300,41*,27.27,256,117.18,0,0,1,19,14
Zahir Mohammed (HUN),2021-2023,19,17,0,300,78,17.64,199,150.75,0,1,1,23,22
NL McCullum (NZ),2007-2016,63,41,15,299,36*,11.5,297,100.67,0,0,4,19,8
R Panchal (ESP),2019-2023,22,18,7,299,71*,27.18,331,90.33,0,1,1,11,9
BJ Bennett (ZIM),2023-2024,16,16,2,298,70,21.28,220,135.45,0,1,2,31,13
RR Sarwan (WI),2007-2010,18,16,3,298,59,22.92,286,104.19,0,2,1,19,6
Simi Singh (IRE),2018-2022,53,40,11,296,57*,10.2,273,108.42,0,1,8,18,8
Jaspal Singh (MLT),2023-2024,19,19,3,295,65*,18.43,278,106.11,0,2,2,21,17
WA Young (NZ),2021-2024,18,17,0,295,56,17.35,287,102.78,0,2,0,31,9
AM Kimote (TAN),2021-2024,62,39,19,294,32,14.7,273,107.69,0,0,5,25,6
H Patel (CAN),2010-2021,15,15,1,294,88*,21,285,103.15,0,2,2,28,3
Hassan Rasheed (MDV),2019-2024,28,25,1,293,34,12.2,355,82.53,0,0,3,20,7
C Karunaratne (SL),2021-2023,42,34,16,291,31,16.16,274,106.2,0,0,6,15,12
CA Lynn (AUS),2014-2018,18,16,1,291,44,19.4,221,131.67,0,0,1,28,14
HDRL Thirimanne (SL),2012-2016,26,20,2,291,44,16.16,267,108.98,0,0,1,27,5
MTMMJ Ave (COK),2022-2022,6,6,2,290,92*,72.5,225,128.88,0,3,0,30,10
I Kaia (ZIM),2021-2024,19,19,0,290,54,15.26,277,104.69,0,1,1,27,7
A Sharma (UAE),2023-2023,11,11,1,290,60,29,271,107.01,0,3,1,39,2
Aaftab Alam Khan (MLT),2021-2023,27,26,7,289,71*,15.21,235,122.97,0,1,5,26,11
Amjad Sher (FIN),2019-2024,28,27,2,289,37*,11.56,203,142.36,0,0,2,12,17
AN Kervezee (NED),2009-2012,10,10,1,289,58*,32.11,262,110.3,0,2,0,19,6
J Broad (GER),2022-2022,9,9,2,288,62,41.14,241,119.5,0,3,0,26,3
Hamza Dar (ESP),2019-2024,19,17,3,288,59*,20.57,258,111.62,0,1,1,18,11
VS Padhaal (FIN),2019-2024,26,25,2,288,46,12.52,311,92.6,0,0,2,24,5
Ameer Saiyed (BOT),2019-2023,16,15,0,287,55,19.13,285,100.7,0,1,0,29,6
R Obuya (UGA),2023-2024,21,19,2,287,57,16.88,245,117.14,0,1,3,24,13
LN Oluoch (KENYA),2013-2024,59,34,14,287,32,14.35,245,117.14,0,0,3,22,11
A Turay (SLE),2022-2023,18,18,2,287,78*,17.93,277,103.61,0,1,2,31,6
A Venkatesh (SWE),2021-2022,16,16,2,287,54,20.5,272,105.51,0,1,2,25,2
CF Tlali (LES),2021-2024,18,17,1,286,42,17.87,289,98.96,0,0,3,23,7
A Bagai (CAN),2008-2013,9,9,2,284,67*,40.57,249,114.05,0,2,0,27,0
BJ McCarthy (IRE),2017-2024,56,35,13,284,51*,12.9,243,116.87,0,1,7,19,15
J Mosca (ITA),2022-2024,14,14,1,284,72,21.84,192,147.91,0,2,1,32,10
NN Odhiambo (KENYA),2007-2022,43,31,5,284,41,10.92,272,104.41,0,0,6,31,6
Saad Bin Zafar (CAN),2019-2024,41,21,8,283,29*,21.76,225,125.77,0,0,1,25,11
Habib Khan (EST),2021-2022,12,12,0,282,60,23.5,235,120,0,3,1,14,17
N Knights (IOM),2020-2023,18,17,0,282,69,16.58,197,143.14,0,2,4,25,17
GE Ngegba (SLE),2022-2023,23,23,5,282,38*,15.66,316,89.24,0,0,5,30,2
Abdul-Shakoor Rahimzei (GER),2019-2023,26,21,3,281,59,15.61,268,104.85,0,1,2,21,7
Abhishek Ahuja (HUN),2022-2024,17,16,0,281,61,17.56,267,105.24,0,1,4,26,10
ARA Chambers (PORT),2021-2024,17,17,1,281,44,17.56,304,92.43,0,0,1,31,2
Mohammad Shahzad (UAE),2015-2017,20,20,2,281,52,15.61,239,117.57,0,1,2,25,11
Rafiullah (OMA),2022-2024,28,22,3,281,32,14.78,163,172.39,0,0,3,14,26
SA Engelbrecht (NED),2024-2024,12,10,1,280,75,31.11,211,132.7,0,1,1,21,12
Aminuddin Ramly (MAS),2019-2021,23,21,4,280,41,16.47,189,148.14,0,0,1,13,20
BN Toube (CAM),2021-2023,17,16,0,280,49,17.5,292,95.89,0,0,2,32,9
AC Agar (AUS),2016-2024,49,29,5,279,29,11.62,278,100.35,0,0,4,19,9
Arslan Amjad (EST),2022-2024,14,14,1,279,63,21.46,254,109.84,0,2,3,21,11
TC Bruce (NZ),2017-2020,17,17,2,279,59*,18.6,228,122.36,0,2,2,24,7
Fanyan Mughal (MLT),2023-2024,24,23,2,279,56,13.28,257,108.56,0,1,2,23,14
JP Kaltapau (VAN),2022-2024,19,17,0,279,60,16.41,290,96.2,0,1,2,27,2
PHKD Mendis (SL),2018-2024,15,14,1,279,65*,21.46,225,124,0,1,1,28,10
Z Bimenyimana (RWN),2021-2024,70,48,13,278,30,7.94,217,128.11,0,0,11,14,20
Shoaib Khan (OMA),2022-2024,24,23,6,277,57,16.29,262,105.72,0,1,5,28,6
Khalid Kail (OMA),2024-2024,17,15,4,276,55,25.09,249,110.84,0,2,0,21,10
T Perera (BOT),2019-2022,16,15,3,276,30,23,305,90.49,0,0,1,31,5
F Banunaek (INA),2022-2024,29,18,2,275,54,17.18,315,87.3,0,1,2,18,4
SC Getkate (IRE),2019-2022,30,26,3,275,30,11.95,246,111.78,0,0,1,10,15
SS McKechnie (HKG),2019-2023,30,25,9,275,44,17.18,280,98.21,0,0,2,20,3
Ali Raza (Belg),2021-2024,20,17,1,275,50,17.18,194,141.75,0,1,2,26,15
TAM Siriwardana (SL),2015-2017,22,19,3,275,42,17.18,208,132.21,0,0,4,16,12
E Beukes (CAM),2023-2024,22,19,6,273,39,21,213,128.16,0,0,3,16,16
D Myers (ZIM),2021-2024,13,13,1,273,65*,22.75,233,117.16,0,1,1,25,4
Sohaib Maqsood (PAK),2013-2021,26,22,2,273,37,13.65,234,116.66,0,0,2,20,11
SM Curran (ENG),2019-2024,51,30,9,272,50,12.95,230,118.26,0,1,0,16,12
AC Gilchrist (AUS),2005-2008,13,13,1,272,48,22.66,192,141.66,0,0,0,27,13
A Shirai-Patmore (JPN),2022-2024,19,17,1,272,38,17,286,95.1,0,0,1,29,0
Amjad Javed (UAE),2014-2017,22,18,3,271,76,18.06,242,111.98,0,1,1,17,15
JTS Sumerauer (JER),2019-2024,38,29,7,271,54*,12.31,213,127.23,0,1,2,16,11
J van Heerden (GER),2022-2023,10,9,3,271,53*,45.16,225,120.44,0,1,0,36,2
M Spoors (CAN),2022-2022,10,9,2,269,108*,38.42,225,119.55,1,1,1,30,6
Waji Ul Hassan (KSA),2024-2024,13,10,2,269,115*,33.62,183,146.99,1,1,1,26,11
FA Allen (WI),2018-2024,37,26,8,268,34,14.88,198,135.35,0,0,5,15,21
MV Boucher (SA),2005-2010,25,21,6,268,36*,17.86,275,97.45,0,0,0,22,2
A Randhawa (Aut),2022-2024,21,18,2,268,78*,16.75,320,83.75,0,1,0,18,5
JS Malhotra (USA),2019-2022,17,15,1,267,58,19.07,226,118.14,0,1,0,20,10
C Tommy (VAN),2019-2023,18,17,0,267,47,15.7,285,93.68,0,0,2,15,10
S Ghimire (PORT),2023-2024,12,10,3,265,53*,37.85,218,121.55,0,1,0,29,5
CV Anto (KUW),2023-2024,16,16,3,264,54,20.3,176,150,0,1,0,15,19
CN Greaves (SCOT),2021-2024,29,22,9,264,45,20.3,248,106.45,0,0,1,20,6
Muhammad Younis (BHR),2020-2022,14,14,1,262,82*,20.15,203,129.06,0,1,2,27,11
Devender Singh (GHA),2021-2024,21,19,8,261,47*,23.72,221,118.09,0,0,1,18,9
D Pretorius (SA),2017-2022,30,17,5,261,77*,21.75,159,164.15,0,1,2,22,15
SA Wijeyeratne (CAN),2019-2024,17,13,1,261,56,21.75,214,121.96,0,3,2,38,2
ZM Tribe (JER),2021-2024,21,19,4,261,43*,17.4,248,105.24,0,0,1,23,4
Sayed Monib (KUW),2020-2024,38,26,9,260,32*,15.29,153,169.93,0,0,2,17,20
T Taibu (ZIM),2007-2012,17,15,6,259,45*,28.77,257,100.77,0,0,2,19,2
Adnan Ilyas (OMA),2015-2016,12,11,0,258,54,23.45,218,118.34,0,1,0,16,8
C Hartmann (IOM),2020-2024,22,21,5,258,39,16.12,239,107.94,0,0,5,15,9
Najeeb Tarakai (AFG),2014-2019,12,12,0,258,90,21.5,210,122.85,0,1,1,21,13
S Thanikaithasan (DEN),2021-2024,20,18,2,258,41*,16.12,244,105.73,0,0,2,15,8
Khurram Nawaz (OMA),2017-2022,24,18,5,257,58,19.76,215,119.53,0,1,1,17,12
Mohamed Arief (MAS),2019-2023,20,16,3,257,52*,19.76,206,124.75,0,1,0,28,6
S Hook (EST),2021-2024,19,18,3,256,69*,17.06,263,97.33,0,1,3,20,10
I Udana (SL),2009-2021,35,25,11,256,84*,18.28,186,137.63,0,1,3,16,14
Imran Ameer (MLT),2022-2023,19,17,5,255,46*,21.25,242,105.37,0,0,0,25,4
SE Marsh (AUS),2008-2016,15,15,1,255,47*,18.21,248,102.82,0,0,2,15,10
M Podosky (PHI),2022-2023,17,17,3,255,41,18.21,209,122,0,0,2,17,16
Kashif Siddique (KSA),2022-2024,11,11,0,254,57,23.09,184,138.04,0,2,1,39,6
Shamim Hossain (BAN),2021-2023,19,14,2,254,51,21.16,219,115.98,0,1,0,26,6
Ahmed Hassan (SUI),2023-2024,11,10,4,253,58*,42.16,182,139.01,0,1,0,18,17
WG Jacks (ENG),2022-2024,16,15,0,253,40,16.86,179,141.34,0,0,1,30,10
SF Mire (ZIM),2018-2019,9,8,0,253,94,31.62,196,129.08,0,2,0,23,13
C Munoz-Mills (ESP),2019-2024,32,22,11,253,33*,23,200,126.5,0,0,1,19,11
K Nestor (GIBR),2019-2023,31,27,5,251,35,11.4,270,92.96,0,0,6,23,9
R Escobar (Arg),2019-2023,17,15,4,250,55,22.72,289,86.5,0,1,1,18,2
Khizar Hayat (MAS),2020-2024,44,26,10,250,28,15.62,241,103.73,0,0,2,17,5
DP Michael (Samoa),2019-2022,10,10,2,250,63*,31.25,219,114.15,0,3,1,13,13
DT Johnston (IRE),2008-2013,30,19,7,249,62,20.75,184,135.32,0,1,1,13,11
V Mbazo (BOT),2019-2023,34,29,4,249,31*,9.96,289,86.15,0,0,4,17,6
RV Uthappa (IND),2007-2015,13,12,2,249,50,24.9,211,118,0,1,1,26,6
Mehidy Hasan Miraz (BAN),2017-2023,25,20,3,248,46,14.58,209,118.66,0,0,2,19,9
W Miyauchi (JPN),2023-2024,16,14,1,247,72,19,234,105.55,0,2,0,26,1
DK Anefie (GHA),2019-2023,36,28,5,246,46,10.69,227,108.37,0,0,11,10,12
SA Okpe (NGA),2019-2024,45,29,8,246,29,11.71,300,82,0,0,2,13,8
Jaker Ali (BAN),2023-2024,17,15,6,245,68,27.22,210,116.66,0,1,0,15,12
SKDT Madusanka (SEY),2021-2022,13,12,4,244,50*,30.5,257,94.94,0,1,1,29,3
CJ Delany (GIBR),2019-2021,13,13,3,243,69*,24.3,224,108.48,0,2,1,26,1
Shafiq Sharif (MAS),2019-2021,13,13,1,243,53,20.25,190,127.89,0,1,3,33,6
Sulaiman Ali (BUL),2020-2022,21,19,1,242,40,13.44,209,115.78,0,0,1,21,11
Vikramjit Singh (NED),2019-2024,18,17,0,242,39,14.23,229,105.67,0,0,1,17,11
GSNFG Jayasuriya (SL),2015-2020,18,16,0,241,40,15.06,222,108.55,0,0,1,20,8
UT Khawaja (AUS),2016-2016,9,9,0,241,58,26.77,182,132.41,0,1,0,31,5
JN Malan (SA),2019-2021,11,11,0,241,55,21.9,186,129.56,0,1,1,25,11
Surya Anand (DEN),2021-2024,24,16,4,241,36,20.08,247,97.57,0,0,2,8,7
S Vijay Unni (MAS),2022-2024,36,20,6,241,38,17.21,274,87.95,0,0,0,12,6
T Whiteman (LUX),2019-2021,14,12,5,241,55*,34.42,205,117.56,0,1,1,25,6
P Kurup (BHR),2021-2023,12,11,1,240,74,24,206,116.5,0,1,0,19,7
SW Poynter (IRE),2015-2019,25,21,6,240,39,16,213,112.67,0,0,0,22,6
Ali Saleem (NOR),2022-2024,21,16,1,239,53*,15.93,211,113.27,0,1,0,15,11
Abrar Bilal (Aut),2019-2024,19,15,4,238,37,21.63,208,114.42,0,0,1,22,7
Ahmad Ramdoni (INA),2022-2024,29,23,10,238,31,18.3,252,94.44,0,0,1,18,6
Ashfaq Ahmed (UAE),2018-2019,12,12,0,238,75,19.83,185,128.64,0,3,2,32,6
WJ Cope (LUX),2020-2024,33,30,7,238,49,10.34,234,101.7,0,0,6,30,1
PF Gallagher (FIN),2019-2023,22,22,3,238,36,12.52,190,125.26,0,0,5,17,14
Hamid Mahmood (SWE),2022-2024,13,11,5,238,69,39.66,223,106.72,0,2,1,19,6
N Khanna (MLT),2019-2023,24,24,7,238,37*,14,191,124.6,0,0,2,25,5
J Mubarak (SL),2007-2009,16,15,4,238,46*,21.63,188,126.59,0,0,2,21,8
K Dasan (BUL),2019-2020,10,9,1,237,74,29.62,222,106.75,0,1,0,19,4
Khalid Latif (PAK),2008-2016,13,13,2,237,59*,21.54,229,103.49,0,1,1,25,6
HJ Manenti (ITA),2022-2024,15,12,0,237,65,19.75,197,120.3,0,2,1,26,4
S Kaveri (Mex),2019-2024,14,13,3,236,46*,23.6,294,80.27,0,0,1,20,1
RE Levi (SA),2012-2012,13,13,2,236,117*,21.45,167,141.31,1,1,3,20,15
YK Pathan (IND),2007-2012,22,18,5,236,37*,18.15,161,146.58,0,0,3,11,17
C Roberts (Fran),2024-2024,10,10,2,236,50*,29.5,223,105.82,0,1,1,23,1
CN Onwuzulike (NGA),2019-2022,22,19,2,235,54,13.82,236,99.57,0,1,2,17,8
G Manan (ROM),2019-2023,15,14,0,234,40,16.71,150,156,0,0,2,28,13
HV Mandhyan (HUN),2021-2024,21,21,1,234,41,11.7,252,92.85,0,0,1,16,8
V Ravindran (HUN),2023-2024,9,8,0,234,57,29.25,174,134.48,0,1,0,31,6
Bilal Masud (EST),2023-2024,8,8,1,233,82,33.28,162,143.82,0,2,0,13,14
AT Carey (AUS),2018-2021,38,26,5,233,37*,11.09,215,108.37,0,0,2,19,7
Karanbir Singh (Aut),2024-2024,9,8,1,233,97,33.28,166,140.36,0,3,1,20,14
Mohamed Azzam (MDV),2019-2024,33,30,3,233,17*,8.62,301,77.4,0,0,4,16,2
ES Szwarczynski (NED),2008-2013,14,12,1,233,45,21.18,243,95.88,0,0,0,22,2
JF Mooney (IRE),2009-2015,27,23,9,231,31*,16.5,214,107.94,0,0,0,25,1
R Ravindra (NZ),2021-2024,23,21,6,231,68,15.4,185,124.86,0,1,2,14,10
Ali Nayyer (SUI),2021-2024,21,16,8,231,48*,28.87,168,137.5,0,0,1,11,12
E Solomon (ISR),2022-2024,9,9,2,231,59*,33,214,107.94,0,1,0,24,0
A Limdawala (MWI),2022-2024,23,13,5,230,54*,28.75,241,95.43,0,1,1,11,3
AR Cusack (IRE),2008-2015,37,21,6,229,65,15.26,177,129.37,0,1,1,17,6
Aftab Ahmed (BAN),2006-2010,11,11,1,228,62*,22.8,178,128.08,0,1,0,26,6
F Akankwasa (UGA),2020-2022,32,21,5,228,66,14.25,192,118.75,0,1,2,21,10
Amar Sharma (MLT),2020-2023,36,21,5,228,34*,14.25,249,91.56,0,0,1,12,3
T Mishra (KENYA),2007-2013,15,15,0,227,38,15.13,263,86.31,0,0,2,15,4
S Pradhan (BHU),2022-2024,17,16,1,227,59,15.13,253,89.72,0,1,2,25,3
G Venkateswaran (LUX),2019-2023,17,17,2,227,59,15.13,230,98.69,0,1,0,21,6
C Bisson (JER),2019-2019,14,14,2,226,54,18.83,177,127.68,0,1,3,24,5
DJ Willey (ENG),2015-2022,43,26,11,226,33*,15.06,173,130.63,0,0,2,15,13
DAS Gunaratne (SL),2016-2017,12,12,3,225,84*,25,178,126.4,0,2,2,19,6
Inam-ul-Haq (QAT),2019-2019,11,11,2,225,73*,25,205,109.75,0,1,1,28,2
Sajid Cheema (KSA),2019-2021,11,11,0,225,52,20.45,204,110.29,0,1,1,20,11
ED Silva (KUW),2021-2022,12,11,2,225,58,25,111,202.7,0,2,2,13,21
MN van Wyk (SA),2007-2015,8,7,1,225,114*,37.5,157,143.31,1,1,0,19,14
CAK Walton (WI),2014-2018,19,17,0,225,40,13.23,203,110.83,0,0,5,23,11
M Yunusu Issa (TAN),2022-2024,39,28,11,225,33*,13.23,187,120.32,0,0,2,15,10
Rony Talukdar (BAN),2015-2023,11,10,0,224,67,22.4,165,135.75,0,1,0,24,7
Yusuf Ebrahim (PAN),2019-2023,13,13,1,224,72,18.66,233,96.13,0,1,1,22,5
A Halbhavi (LUX),2021-2023,16,16,0,223,48,13.93,207,107.72,0,0,5,29,3
PD Hennessy (ESP),2019-2021,13,11,1,223,71,22.3,197,113.19,0,2,2,13,9
MA Jones (SCOT),2022-2024,10,10,1,223,86,24.77,161,138.5,0,1,1,20,11
KTK Rodrigo (MDV),2023-2024,13,13,1,223,71,18.58,245,91.02,0,1,2,22,3
P Useni (NGA),2021-2024,37,26,10,222,37,13.87,161,137.88,0,0,2,9,16
Atif Rasheed (FIN),2022-2024,12,12,1,221,43,20.09,165,133.93,0,0,1,11,12
Choudry Share Ali (SWE),2023-2024,9,9,2,221,61*,31.57,147,150.34,0,2,0,18,12
Idrees Ul Haque (SUI),2021-2024,10,9,0,221,55,24.55,175,126.28,0,1,0,26,9
Bilal Muhammad (MLT),2021-2022,31,21,6,220,35*,14.66,154,142.85,0,0,3,12,14
Mazharul Islam (SEY),2021-2022,13,12,2,220,50,22,208,105.76,0,1,2,25,2
Jitin Singh (TAN),2021-2023,24,16,1,219,60,14.6,200,109.5,0,1,2,28,1
Khalid Ahmadi (Belg),2020-2024,34,23,11,219,31*,18.25,135,162.22,0,0,3,17,14
AD Poynter (IRE),2012-2016,19,14,3,219,57,19.9,184,119.02,0,1,1,21,8
Tanwir Afzal (HKG),2014-2016,21,18,2,219,56,13.68,173,126.58,0,1,4,9,15
Ali Naseer (UAE),2023-2024,25,17,5,218,48*,18.16,173,126.01,0,0,1,16,8
SSJ Brooks (WI),2021-2022,13,12,1,218,56*,19.81,212,102.83,0,1,2,15,11
Akhil Anil (TAN),2022-2023,22,20,3,216,52*,12.7,183,118.03,0,1,2,15,11
TT Bresnan (ENG),2006-2014,34,22,9,216,47*,16.61,170,127.05,0,0,3,16,6
TS Fray (BER),2019-2023,21,19,3,216,62*,13.5,261,82.75,0,1,3,21,4
DO Obuya (KENYA),2007-2012,10,10,2,216,65*,27,228,94.73,0,2,1,22,4
MJG Rippon (NED/NZ),2013-2022,19,11,4,216,42,30.85,192,112.5,0,0,2,15,3
G Chaturvedi (MLT),2019-2022,19,18,1,215,33,12.64,202,106.43,0,0,2,28,3
KMDN Kulasekara (SL),2008-2017,58,30,9,215,31,10.23,184,116.84,0,0,4,14,7
EMDY Munaweera (SL),2012-2017,13,13,1,215,53,17.91,164,131.09,0,1,1,25,7
Noman Amjad (Fran),2021-2024,23,20,4,215,27,13.43,207,103.86,0,0,1,10,6
P Murungi (UGA),2022-2023,31,20,7,214,31,16.46,176,121.59,0,0,0,17,8
S Prasanna (SL),2013-2017,20,20,6,214,37*,15.28,161,132.91,0,0,0,13,13
RG Aga (KENYA),2008-2013,20,18,2,213,52*,13.31,196,108.67,0,1,0,15,5
EF Beard (IOM),2021-2024,23,18,4,213,35,15.21,199,107.03,0,0,4,20,5
SP Gomes (PORT),2022-2023,7,7,2,213,82*,42.6,173,123.12,0,2,1,22,4
Muslim Yar (GER),2019-2024,44,17,5,213,39,17.75,167,127.54,0,0,1,12,11
B Fitchet (GUE),2023-2024,9,9,0,212,41,23.55,144,147.22,0,0,0,30,7
Gurpratap Singh (CYP),2021-2022,11,11,0,212,54,19.27,149,142.28,0,1,1,12,17
Saad Khan (KSA),2022-2024,16,15,0,212,69,14.13,216,98.14,0,1,2,19,7
Ali Farasat (HUN),2022-2024,17,16,1,211,32,14.06,169,124.85,0,0,0,12,13
Anwar Arudin (MAS),2019-2021,21,21,0,211,32,10.04,207,101.93,0,0,5,24,7
JA Burns (ITA),2024-2024,5,5,2,211,108*,70.33,146,144.52,1,1,1,18,9
OB Nightingale (GUE),2022-2024,19,14,5,211,35,23.44,195,108.2,0,0,1,16,1
P Sharma (KENYA),2022-2024,14,13,3,211,39,21.1,178,118.53,0,0,1,23,6
Haris Sohail (PAK),2013-2019,14,13,2,210,52,19.09,204,102.94,0,2,1,16,3
CA Ingram (SA),2010-2012,9,9,1,210,78,26.25,162,129.62,0,1,1,23,7
P Silas (BOT),2019-2023,29,19,4,210,41,14,201,104.47,0,0,5,11,4
A Natubhai Ahir (PAN),2019-2023,16,16,0,209,51,13.06,210,99.52,0,1,3,19,9
CPPM Sadun (CYP),2021-2024,12,12,3,208,52*,23.11,208,100,0,1,1,19,5
Ghulam Shabber (UAE),2016-2019,17,14,3,208,58*,18.9,182,114.28,0,1,0,24,4
Imal Zuwak (SWE),2021-2024,16,16,2,208,47*,14.85,210,99.04,0,0,2,21,5
MB Kruger (NAM),2024-2024,14,14,2,208,59*,17.33,198,105.05,0,1,0,21,8
R Mazumder (CYP),2021-2024,13,12,2,208,53,20.8,167,124.55,0,1,0,20,6
Abdul Shakoor (ROM),2019-2023,19,14,3,207,31*,18.81,219,94.52,0,0,1,17,2
Imran Asif (Aut),2021-2024,11,10,1,207,102,23,153,135.29,1,0,0,19,12
Ijaz Hussain (ROM),2019-2024,27,21,4,207,40,12.17,217,95.39,0,0,0,20,7
BMAJ Mendis (SL),2011-2018,22,15,4,207,43*,18.81,174,118.96,0,0,1,18,6
Haseeb Ghafoor (KSA),2022-2024,20,13,7,206,47*,34.33,200,103,0,0,2,10,11
Mohammad Saifuddin (BAN),2017-2024,38,21,10,206,39*,18.72,180,114.44,0,0,2,16,7
RM Siri (Arg),2019-2021,10,10,2,206,49*,25.75,203,101.47,0,0,1,17,2
G Thakur (MLT),2023-2023,8,8,1,206,62,29.42,155,132.9,0,1,0,23,6
P Aho (NGA),2021-2024,37,21,6,205,44*,13.66,186,110.21,0,0,4,14,2
P Heron (CAY),2022-2023,11,11,2,205,59,22.77,203,100.98,0,2,2,12,6
DL Vettori (NZ),2007-2014,34,22,6,205,38,12.81,190,107.89,0,0,3,14,2
MRJ Watt (SCOT),2015-2024,67,29,11,205,31*,11.38,176,116.47,0,0,5,19,3
U Aryaman Sunil (SGP),2019-2022,25,23,5,203,36*,11.27,162,125.3,0,0,3,11,13
S Ashwathnarayana (HUN),2021-2022,14,11,3,203,52,25.37,162,125.3,0,1,1,14,11
JM Kemp (SA),2005-2007,8,7,3,203,89*,50.75,160,126.87,0,1,0,17,10
Scott Austin (CYP),2021-2024,15,14,0,203,46,14.5,219,92.69,0,0,2,15,3
DS Smith (WI),2007-2009,6,6,0,203,61,33.83,161,126.08,0,2,0,22,5
R Gunasekera (CAN),2012-2013,8,8,0,202,65,25.25,188,107.44,0,1,0,23,4
A Otwani (UGA),2019-2022,17,16,0,202,44,12.62,198,102.02,0,0,4,25,3
HER Tyler (PHI),2019-2023,15,14,0,202,38,14.42,153,132.02,0,0,2,18,12
J Botha (SA),2006-2012,40,20,9,201,34,18.27,165,121.81,0,0,1,15,9
Kamran Ahmadzai (Fran),2024-2024,9,9,2,201,56,28.71,112,179.46,0,1,0,14,14
Tenjin Rabgey (BHU),2022-2024,16,16,0,201,50,12.56,267,75.28,0,1,3,16,1
S Pokhriyal (CZK-R),2019-2020,9,9,1,200,79,25,186,107.52,0,1,1,31,3
W Boshoff (SWE),2021-2023,20,17,0,199,40,11.7,243,81.89,0,0,2,13,2
R Gaznavi (SGP),2019-2024,24,22,2,199,30,9.95,248,80.24,0,0,3,16,3
DM Gondaria (KENYA),2013-2019,11,9,2,199,85*,28.42,157,126.75,0,1,0,12,6
Ibrahim Hassan (MDV),2019-2024,38,30,7,199,20*,8.65,247,80.56,0,0,3,9,5
AJ Hosein (WI),2021-2024,57,24,11,198,44*,15.23,176,112.5,0,0,3,14,9
TK Musakanda (ZIM),2018-2021,12,12,0,197,43,16.41,164,120.12,0,0,2,17,4
Mukhtar Ghulami (Fran),2023-2024,15,13,1,196,46,16.33,191,102.61,0,0,1,11,10
Sohail Tanvir (PAK),2007-2017,57,25,8,196,41,11.52,164,119.51,0,0,2,16,9
GD Arta (INA),2022-2024,21,14,4,195,33,19.5,248,78.62,0,0,1,13,7
J Coetzee (THAI),2023-2024,13,11,4,195,43*,27.85,161,121.11,0,0,1,13,8
R Baaleri (GHA),2021-2024,18,14,3,194,56*,17.63,258,75.19,0,1,0,11,2
Fawad Alam (PAK),2007-2010,24,17,6,194,28,17.63,169,114.79,0,0,1,7,7
K Mendon (CZK-R),2019-2021,17,13,7,194,45*,32.33,183,106.01,0,0,0,14,5
NK Tiwari (CYP),2021-2024,17,15,2,194,46,14.92,218,88.99,0,0,3,15,5
A Osei (GHA),2022-2024,12,11,0,193,72,17.54,232,83.18,0,1,1,16,1
OF Smith (WI),2018-2023,27,20,7,193,27*,14.84,138,139.85,0,0,2,13,12
Waseem Yaqoob (LES),2022-2024,12,11,2,193,50,21.44,200,96.5,0,1,0,14,8
J Alegra (PHI),2022-2023,16,14,1,192,41,14.76,249,77.1,0,0,1,10,4
Asad Shafiq (PAK),2010-2012,10,10,0,192,38,19.2,185,103.78,0,0,0,19,2
WP Masakadza (ZIM),2015-2024,53,29,9,192,34,9.6,209,91.86,0,0,2,12,5
Mukhtar Ahmed (PAK),2015-2015,6,6,0,192,83,32,134,143.28,0,2,0,23,5
Manpreet Singh (ITA),2019-2023,20,16,5,191,36,17.36,210,90.95,0,0,1,14,3
C Forbes (SWA/SWZ),2021-2023,15,14,0,190,31,13.57,219,86.75,0,0,1,26,3
DK Kesuma (INA),2023-2024,14,12,0,189,31,15.75,178,106.17,0,0,0,18,9
Naeem Gull (SWA/SWZ),2021-2022,13,13,1,189,63*,15.75,219,86.3,0,1,1,27,2
SR Patel (ENG),2011-2013,18,14,2,189,67,15.75,173,109.24,0,1,2,17,5
Umar Nawaz (SWE),2022-2022,9,9,0,189,56,21,188,100.53,0,1,0,16,9
Wahidullah Sahak (NOR),2021-2024,16,12,1,189,71*,17.18,169,111.83,0,2,1,16,7
IR Bell (ENG),2006-2014,8,8,1,188,60*,26.85,163,115.33,0,1,0,23,2
Ammad Uddin (BHR),2019-2021,12,11,3,187,41*,23.37,109,171.55,0,0,0,18,11
CJ Bowes (NZ),2023-2023,11,11,0,187,54,17,156,119.87,0,1,1,27,2
CD McMillan (NZ),2005-2007,8,7,1,187,57,31.16,117,159.82,0,1,0,8,14
SP Patil (UAE),2014-2016,18,13,0,187,37,14.38,218,85.77,0,0,3,16,4
KMA Paul (WI),2018-2022,23,16,7,187,29,20.77,166,112.65,0,0,2,10,11
GR Russ (PHI),2019-2023,21,17,4,187,43*,14.38,248,75.4,0,0,4,17,1
Fiaz Ahmed (BHR),2019-2023,12,12,3,185,62*,20.55,153,120.91,0,1,3,8,13
AA Jasani (TAN),2021-2021,6,6,1,185,90*,37,152,121.71,0,1,0,15,6
LA Musiani (Arg),2019-2023,16,16,2,185,44*,13.21,205,90.24,0,0,2,14,1
R Ashwin (IND),2010-2022,65,19,12,184,31*,26.28,160,115,0,0,0,17,4
LC Le Tissier (GUE),2019-2023,20,18,2,184,37,11.5,161,114.28,0,0,1,24,3
BJ Hodge (AUS),2007-2014,15,11,4,183,36,26.14,144,127.08,0,0,0,9,7
Mahmud Jasat (PAN),2021-2023,14,14,1,183,35,14.07,248,73.79,0,0,2,10,2
MW Short (AUS),2023-2024,9,8,0,183,66,22.87,104,175.96,0,1,1,20,9
KH Abe (JPN),2024-2024,14,11,0,181,80,16.45,137,132.11,0,1,2,14,10
AUKDS Kalugala (CYP),2022-2024,10,10,0,181,42,18.1,158,114.55,0,0,0,18,7
Nasrulla Rana (HKG),2019-2024,38,24,7,181,36*,10.64,157,115.28,0,0,4,11,11
A Gbla (SLE),2021-2023,27,22,3,180,29*,9.47,205,87.8,0,0,3,13,6
CAJ Meschede (GER),2019-2019,5,5,1,179,67,44.75,115,155.65,0,1,1,9,14
Mudassar Muhammad (GER),2019-2023,10,10,0,179,34,17.9,189,94.7,0,0,1,13,5
N Acawei (Fiji),2022-2023,10,10,1,178,48*,19.77,166,107.22,0,0,1,19,6
Anoop Orsu (LUX),2022-2024,19,17,4,178,58*,13.69,152,117.1,0,1,7,14,9
Nazimuddin (BAN),2007-2008,7,7,0,178,81,25.42,158,112.65,0,1,2,13,10
H Rashid (SWZ),2022-2023,15,15,2,178,38,13.69,202,88.11,0,0,2,18,5
SM Sharif (SCOT),2012-2024,68,29,16,178,26,13.69,157,113.37,0,0,3,10,5
Sidhant Singh (SGP),2019-2020,11,9,2,178,77,25.42,135,131.85,0,2,1,15,6
Waqar Ul Hassan (KSA),2023-2024,10,8,1,178,44,25.42,151,117.88,0,0,1,16,5
IS Sodhi (NZ),2014-2024,117,36,12,177,19,7.37,170,104.11,0,0,6,10,9
L Emilio (MOZ),2019-2022,24,18,4,176,31*,12.57,189,93.12,0,0,1,19,2
Gurdeep Singh (KENYA),2021-2024,11,10,0,176,44,17.6,183,96.17,0,0,1,20,3
Kaleem Shah (MOZ),2019-2019,7,7,1,176,72*,29.33,170,103.52,0,1,1,21,4
Mohammad Naveed (UAE),2015-2019,31,24,10,176,27*,12.57,147,119.72,0,0,3,17,8
Tarun Sharma (Mex),2019-2023,10,10,2,176,49*,22,173,101.73,0,0,1,13,6
Taskin Ahmed (BAN),2014-2024,67,33,15,176,31,9.77,184,95.65,0,0,6,16,6
Khalid Zahid (SWE),2021-2024,20,15,2,175,47*,13.46,125,140,0,0,0,16,6
P Suanchuai (THAI),2020-2023,18,16,2,175,37,12.5,273,64.1,0,0,1,7,5
H Rathod (QAT),2023-2024,17,12,5,175,47,25,158,110.75,0,0,0,12,5
Ritik Tomar (CZK-R),2022-2023,17,15,4,175,38,15.9,126,138.88,0,0,2,14,7
LPC Silva (SL),2006-2011,16,15,2,175,38,13.46,177,98.87,0,0,0,19,3
BS Stephenson (Blz),2019-2021,9,9,1,175,69,21.87,139,125.89,0,1,1,15,11
WD Parnell (SA),2009-2023,56,23,13,174,29*,17.4,180,96.66,0,0,1,13,4
JT Smuts (SA),2017-2021,13,13,0,174,45,13.38,165,105.45,0,0,1,18,6
S Tosic (SRB),2021-2024,22,14,4,174,40,17.4,295,58.98,0,0,1,12,0
L Vincent (NZ),2006-2007,9,9,0,174,42,19.33,174,100,0,0,1,17,3
Maidul Islam (EST),2021-2022,12,12,0,173,49,14.41,179,96.64,0,0,2,16,5
CD Wallace (SCOT),2012-2021,21,16,6,173,27,17.3,161,107.45,0,0,1,15,3
JD Allan (VAN),2022-2024,16,15,0,172,36,11.46,194,88.65,0,0,0,15,2
OGL Bascome (BER),2019-2021,17,17,2,172,22,11.46,178,96.62,0,0,0,16,6
Nouman Sarwar (QAT),2019-2019,14,9,6,172,47*,57.33,128,134.37,0,0,1,16,6
IK Pathan (IND),2006-2012,24,14,7,172,33*,24.57,144,119.44,0,0,0,9,7
GD Elliott (NZ/World),2009-2017,17,15,4,171,27,15.54,157,108.91,0,0,0,12,2
S Godara (CAM),2023-2024,16,12,6,171,36*,28.5,115,148.69,0,0,3,8,15
YSD Seneveratne (CAY),2019-2023,10,10,0,171,74,17.1,188,90.95,0,1,1,17,7
MNR Cooray (MDV),2019-2020,7,6,1,170,56*,34,148,114.86,0,1,0,21,3
N Nuntarach (THAI),2022-2024,27,22,2,170,24,8.5,245,69.38,0,0,6,11,1
Zain Ul Abidin (KSA),2021-2024,28,21,9,170,32*,14.16,149,114.09,0,0,3,9,7
Zain Ahmad (Fran),2022-2024,17,15,0,170,52,11.33,158,107.59,0,1,4,21,3
V Zimonjic (SRB),2021-2024,26,18,5,170,27*,13.07,165,103.03,0,0,2,18,5
R Abdulkareem (NGA),2021-2024,32,18,5,169,39,13,208,81.25,0,0,2,11,6
VE Tembo (MOZ),2019-2023,21,17,4,169,27*,13,188,89.89,0,0,2,16,2
M Vijay (IND),2010-2015,9,9,0,169,48,18.77,154,109.74,0,0,1,13,8
H Niaz (Fran),2024-2024,10,10,0,168,53,16.8,117,143.58,0,1,1,17,8
MG Bracewell (NZ),2022-2024,22,15,5,167,61*,16.7,134,124.62,0,1,3,14,6
Omid Mailk Khel (Belg),2022-2024,12,11,3,167,30,20.87,162,103.08,0,0,0,11,5
O Bascome (BER),2019-2021,17,15,1,166,37,11.85,166,100,0,0,2,12,9
HJ Jordaan (THAI),2019-2020,8,8,1,166,37*,23.71,210,79.04,0,0,0,10,4
AL Phehlukwayo (SA),2017-2024,42,25,7,166,27*,9.22,153,108.49,0,0,7,16,5
A Pusthay (FIN),2019-2022,12,12,0,166,56,13.83,176,94.31,0,1,1,13,1
R Sakurano-Thomas (JPN),2022-2024,29,21,5,166,30,10.37,179,92.73,0,0,3,10,1
ME Trescothick (ENG),2005-2006,3,3,0,166,72,55.33,131,126.71,0,2,0,23,1
Irfan Hafejee (PAN),2021-2023,10,10,1,165,41,18.33,240,68.75,0,0,1,16,1
Umar Gul (PAK),2007-2016,60,27,9,165,32,9.16,156,105.76,0,0,6,11,10
Fitri Sham (MAS),2019-2024,45,23,7,164,40*,10.25,166,98.79,0,0,2,4,12
Sheikh Rasik (HUN),2023-2024,6,6,1,164,53,32.8,122,134.42,0,2,0,11,9
G Singh (USA),2021-2024,13,9,2,164,65,23.42,131,125.19,0,2,2,8,11
Waqas Khan (HKG),2014-2020,16,14,4,164,60,16.4,189,86.77,0,1,1,6,5
Adnan Mirza (QAT),2023-2024,14,12,0,163,30,13.58,134,121.64,0,0,0,26,2
TN de Grooth (NED),2008-2013,15,13,5,163,49,20.37,155,105.16,0,0,0,16,1
Muhammad Siddiqui (SVN),2022-2024,9,9,0,163,48,18.11,137,118.97,0,0,1,15,8
Zawar Farid (UAE),2019-2023,18,16,3,163,55,12.53,127,128.34,0,1,2,12,8
Abdul Hashmi (DEN),2019-2024,23,16,4,162,31,13.5,168,96.42,0,0,4,12,2
Mohammad Yasin (ESP),2022-2024,8,8,0,162,34,20.25,132,122.72,0,0,0,16,6
H Davids (SA),2012-2013,9,9,0,161,68,17.88,134,120.14,0,2,2,18,4
Waqas Ahmad (MLT),2023-2023,15,12,4,161,53*,20.12,100,161,0,1,3,10,12
Samir Patel (LES),2021-2022,13,12,2,160,35*,16,158,101.26,0,0,2,13,5
JK Theodore (GHA),2021-2024,38,27,4,160,22*,6.95,176,90.9,0,0,5,8,5
Aayan Afzal Khan (UAE),2022-2024,33,16,4,159,42,13.25,172,92.44,0,0,1,12,2
JP Faulkner (AUS),2012-2017,24,18,7,159,41*,14.45,138,115.21,0,0,0,7,5
Junaid Siddique (BAN),2007-2012,7,7,0,159,71,22.71,108,147.22,0,1,1,16,7
RR Watson (SCOT),2007-2010,10,9,0,159,54,17.66,141,112.76,0,1,1,22,1
RGA Amah (CAM),2021-2023,17,16,0,158,20,9.87,219,72.14,0,0,1,13,1
PJ Cummins (AUS),2011-2024,57,27,12,158,28,10.53,133,118.79,0,0,4,11,7
R Nath (TKY),2022-2024,12,11,1,158,38,15.8,177,89.26,0,0,0,12,6
